Date,Close,High,Low,Open,Volume
2018-01-02,78.8703384399414,79.2006859790357,78.4574075165561,79.03551220948854,22483800
2018-01-03,79.2374038696289,79.38422813157698,78.88870674895144,78.97129014557262,26061400
2018-01-04,79.93482208251953,80.43952183890868,79.43930059469226,79.45765013084839,21912000
2018-01-05,80.9258804321289,81.12776037303686,80.2284789092566,80.43953712047009,23407100
2018-01-08,81.00843811035156,81.2837301242538,80.38444894634434,80.93502597318206,22113000
2018-01-09,80.9533920288086,81.42138570709598,80.62304437366073,81.34797356129256,19484300
2018-01-10,80.5863037109375,80.92582948881903,80.21007887687405,80.62300976808399,18652200
2018-01-11,80.82492065429688,80.87079799264367,80.0541071598178,80.87079799264367,17808900
2018-01-12,82.2197265625,82.38490040317807,81.16444963599947,81.36632955249135,24271500
2018-01-16,81.07266998291016,83.31169110465434,80.7606789090758,82.67852368885731,36599700
2018-01-17,82.71520233154297,82.84367002534675,81.43969665665946,81.74251636389593,25621200
2018-01-18,82.67853546142578,83.20158474865815,82.27478266138324,82.40325041607417,24159700
2018-01-19,82.58677673339844,83.14653211355778,82.27478560398126,82.71524449268408,36875000
2018-01-22,84.06415557861328,84.07333384660362,82.34818351471458,82.58676947569296,23601600
2018-01-23,84.33025360107422,84.69730724153239,83.99990602475846,84.33025360107422,23412800
2018-01-24,84.2568588256836,85.73424495709853,84.03662939643829,84.92673238255419,33277500
2018-01-25,84.724853515625,85.55989390382558,84.35779979512222,84.85332126765586,26383200
2018-01-26,86.31233978271484,86.31233978271484,84.95425029273008,85.4497717015515,29172200
2018-01-29,86.18389129638672,87.5878654344753,86.00036791922578,87.30340209958543,31569900
2018-01-30,85.1010513305664,85.94527671845078,84.51376836566911,85.61492917557541,38635100
2018-01-31,87.1841049194336,87.54198037402911,85.80765870915316,86.02788814252715,48756300
2018-02-01,86.49585723876953,88.15676628696136,85.87186818736045,86.98220030806556,47227900
2018-02-02,84.22015380859375,86.22976750340277,83.96321830442898,85.92694765879396,47867800
2018-02-05,80.75149536132812,85.55987789757307,80.75149536132812,83.10062753153034,51031500
2018-02-06,83.8072280883789,83.94487411751392,78.22803078172014,79.73294483140248,67998600
2018-02-07,82.2288818359375,84.21096036880702,81.8526499147874,83.03639427511158,41107600
2018-02-08,78.00780487060547,82.47666287879102,77.77839714530747,82.32066730582073,55628700
2018-02-09,80.91667175292969,81.60489474685879,76.92497978833416,79.19152863516194,63499100
2018-02-12,81.7884521484375,82.38491372516799,80.68729769983447,81.43057660259305,35720300
2018-02-13,82.4307632446289,82.58675877541722,80.56797413907132,81.60489425668148,26407700
2018-02-14,83.72147369384766,83.8874233824261,81.50882055793865,81.60101326629272,34960900
2018-02-15,85.42707824707031,85.48239247036035,83.54631728282148,84.09025923544928,27823900
2018-02-16,84.81859588623047,86.20150777567987,84.63421044784532,85.23346663952384,30596900
2018-02-20,85.48240661621094,85.795863311864,83.90588768687769,84.33920126463128,30911700
2018-02-21,84.34842681884766,86.07245997552107,84.34842681884766,85.72212473374945,26922500
2018-02-22,84.5696792602539,85.49162056806333,84.22855844417698,84.86470019739876,24392800
2018-02-23,86.71778869628906,86.72701007794608,85.15049143955494,86.29369658015928,26329200
2018-02-26,87.97162628173828,87.99928339190234,86.89295678222163,87.03124936689498,30199800
2018-02-27,86.84685516357422,88.35883811554189,86.84685516357422,88.26664540556393,25869100
2018-02-28,86.45044708251953,88.23901575485456,86.32137584161444,87.43692415735424,31167300
2018-03-01,85.60223388671875,87.18797378116913,84.67107136100493,86.65324622906792,37135600
2018-03-02,85.7866439819336,85.87883670860542,83.76759020870608,84.43138909490987,32830400
2018-03-05,86.33058166503906,86.9114021444224,85.05830521950013,85.13205517682782,23901600
2018-03-06,86.03556823730469,87.11423795045299,85.68523304942059,86.97594533839064,22175800
2018-03-07,86.53337860107422,86.60713556560029,85.2150027540387,85.88802274609932,26716100
2018-03-08,87.05891418457031,87.67661314576402,86.45042957167836,86.9114002054982,25887800
2018-03-09,89.00421142578125,89.00421142578125,87.58442101992217,87.85178483341384,36937300
2018-03-12,89.21627044677734,89.62192693299728,88.54325713157245,88.96734935177739,26073700
2018-03-13,87.04047393798828,89.64956224430638,86.63481755044127,89.42829832103224,35387800
2018-03-14,86.52418518066406,87.96241831825452,86.20150714890944,87.69505451084254,32132000
2018-03-15,86.82842254638672,87.1972004333656,85.5838033324545,86.22915935927767,27611000
2018-03-16,87.21565246582031,87.93476561123468,86.58873205092108,87.28940946377422,49081300
2018-03-19,85.63912963867188,86.5702923520782,84.9200165262042,86.42277836292885,33344100
2018-03-20,85.86036682128906,86.45040852623069,85.7405170178594,85.78661688356033,23075200
2018-03-21,85.26113891601562,86.70858655030979,85.01221081321962,85.67600970886994,24457100
2018-03-22,82.78111267089844,84.58811682940414,82.66126283046661,84.1455818971447,38604700
2018-03-23,80.3748550415039,83.3988218400753,80.28266230425086,82.5137589015072,44068900
2018-03-26,86.45965576171875,86.66248397729503,83.34349663599922,83.53710346890728,56396800
2018-03-27,82.48607635498047,87.713481021518,81.60101368925872,87.5290956038541,56569000
2018-03-28,82.41232299804688,84.10869845732618,81.93291667072955,82.80875799392304,52501100
2018-03-29,84.14556884765625,85.08595279517539,81.49960214876207,83.14065633240378,45867500
2018-04-02,81.6102523803711,83.78603472032339,80.67909659940072,83.40804239120337,48515400
2018-04-03,82.70734405517578,83.02080772020045,81.02941135562908,82.58749423158427,37213800
2018-04-04,85.12284851074219,85.5192835818042,80.88191960901054,80.99254807191332,35560000
2018-04-05,85.16891479492188,85.80505639361891,84.26541647169505,85.22423604297309,29771900
2018-04-06,83.18675994873047,85.24268494453987,82.49530402896569,84.34840082956089,38026000
2018-04-09,83.68458557128906,85.89724548636443,83.54630004160158,83.93351359243047,31533900
2018-04-10,85.62989807128906,85.9986759664468,84.4866929267681,85.17814884249384,26812000
2018-04-11,84.68951416015625,86.00789027913665,84.33917905716982,84.82780673870577,24872100
2018-04-12,86.27525329589844,86.80998084352841,85.21501958148802,85.21501958148802,26758900
2018-04-13,85.81429290771484,86.82842687203943,85.22425107269495,86.70857704218815,23346100
2018-04-16,86.8192367553711,87.27099319319241,86.12778057152674,86.72704400429639,20288100
2018-04-17,88.57091522216797,89.00422883105159,87.47380264085457,87.58443814754456,26771000
2018-04-18,88.91200256347656,89.17014494788535,88.06381139975169,88.7091743946261,21043300
2018-04-19,88.60777282714844,89.49283557037,87.89787413588984,88.91201512340213,23552500
2018-04-20,87.58443450927734,88.60779004362044,86.7085929777265,88.42340457398494,31154400
2018-04-23,87.90707397460938,88.77370077560968,87.24327532140502,88.26663040611977,22331800
2018-04-24,85.85115814208984,88.93965943391444,85.19658080227079,88.727609885086,34524800
2018-04-25,85.10440063476562,86.01712760204101,83.23286088857827,86.01712760204101,33729300
2018-04-26,86.90217590332031,87.72270297482723,85.83272077910514,86.24759852233463,42529000
2018-04-27,88.34041595458984,90.258055565599,86.57951171185313,89.98147035933371,48272800
2018-04-30,86.2199478149414,88.87514327704774,85.87883403349588,88.81060766700233,41523600
2018-05-01,87.58443450927734,87.8517983639472,85.54694482422937,85.93415853077681,31408900
2018-05-02,86.21074676513672,87.74116591109097,85.91572578315427,87.57521616910991,27471000
2018-05-03,86.72702026367188,87.51989036681522,85.23347278322308,85.70366482900671,31142500
2018-05-04,87.73191833496094,87.92552512163982,85.66676520934811,86.03554305562557,22531300
2018-05-07,88.70917510986328,89.16092428622099,87.67659853005031,87.74113412667285,24242000
2018-05-08,88.33118438720703,88.65386943526143,87.63972848512446,88.36806287938047,23484600
2018-05-09,89.37298583984375,89.40064295156017,87.63051746317478,88.51558020736748,27327400
2018-05-10,90.26726531982422,90.30413677764604,89.47439533344654,89.85238756387139,22388100
2018-05-11,90.07366180419922,90.23039717024562,89.46518420645309,90.16586156088083,16778300
2018-05-14,90.37789916992188,90.98638376819464,89.71410034775286,90.27648507020974,19454100
2018-05-15,89.72334289550781,90.21197074546848,88.81983716689469,89.64958589034447,24594000
2018-05-16,89.95481872558594,90.18630307276226,89.4640730398668,90.14926472949304,17384700
2018-05-17,89.056640625,90.31591578845975,88.7325640162435,89.59368589913377,17246700
2018-05-18,89.22333526611328,89.75111934198242,88.89925856414843,88.89925856414843,17865800
2018-05-21,90.37150573730469,90.75114353322594,89.63075991730254,89.81594460621731,19422500
2018-05-22,90.27889251708984,90.89926885227815,90.00110848360838,90.44556152431043,15441200
2018-05-23,91.35297393798828,91.41778926395203,89.18627706485317,89.54739203298557,21251200
2018-05-24,91.02889251708984,91.61223752967211,89.63998658517531,91.41779154692499,26649300
2018-05-25,91.07520294189453,91.64928667124688,90.61223424335475,91.0196489586591,18363900
2018-05-29,90.75110626220703,91.5566670989239,90.0288763819753,90.59369157050153,28671000
2018-05-30,91.62149810791016,91.89928213910495,90.65852947894196,91.02889876807987,22158500
2018-05-31,91.51964569091797,92.58447507266598,91.30668405317324,91.9363217434323,34140900
2018-06-01,93.3252182006836,93.39003352694722,91.82519728157293,91.92705094632159,28655600
2018-06-04,94.14005279541016,94.31598316019209,93.38078441778417,93.76042213876799,27281600
2018-06-05,94.62152099609375,94.75115163383305,94.01039907731712,94.44559067444473,23514400
2018-06-06,94.89929962158203,95.0011532765522,94.35300007614208,94.89004533610479,21122900
2018-06-07,93.4085464477539,95.08449765984764,92.9455778266649,95.04745932243966,28232200
2018-06-08,94.10301971435547,94.39931941330698,93.09375129316945,93.60301264781064,22165100
2018-06-11,93.56594848632812,94.06594831282379,93.2140878607369,93.52891015393223,23490900
2018-06-12,93.80669403076172,93.93632467162368,93.28817146731386,93.61224806946878,18325200
2018-06-13,93.38077545166016,94.45486611237877,93.11225278648051,94.18634344719912,29492900
2018-06-14,93.90853881835938,94.47336101349488,93.51964693249738,94.12150745928729,25691800
2018-06-15,92.71409606933594,94.0104096569519,92.65854209386436,93.99189401990827,65738600
2018-06-18,93.39005279541016,93.62153716044651,92.05670059221131,92.60300736715503,23586000
2018-06-19,93.39005279541016,93.51968347468313,92.13077728446507,92.26966931635532,28653100
2018-06-20,94.3252182006836,94.9270716851438,93.63076535153134,93.86224963458208,26180800
2018-06-21,93.64927673339844,94.87151340983297,93.40853111194242,94.51965985873524,23198200
2018-06-22,92.973388671875,93.30671967592808,92.25115148078937,92.973388671875,38923100
2018-06-25,91.10295867919922,92.69557176091426,90.09369054272868,92.59371810585063,35433300
2018-06-26,91.74186706542969,92.6678043420747,91.43630606869505,91.50112139548656,26897200
2018-06-27,90.31594848632812,92.6122696291658,90.1863177958942,92.20486191537752,31298400
2018-06-28,91.3251953125,91.76964833433253,90.0566657054997,90.16777366270198,26650700
2018-06-29,91.30667877197266,92.51040010160192,91.04741745527492,91.6029784288188,28053200
2018-07-02,92.60297393798828,92.64926655567885,90.74183833694002,90.8344306366608,19564500
2018-07-03,91.7140884399414,93.17706394202123,91.61223477618171,93.0381790044768,14670300
2018-07-05,92.37149047851562,92.51963674651928,91.69555326229352,92.13074484562752,18977400
2018-07-06,93.6678237915039,93.91782376255486,92.28817208203743,92.49187942514476,19234600
2018-07-09,94.3067398071289,94.67711624688016,93.75117867967352,94.12155511942478,18212000
2018-07-10,94.55674743652344,94.91786252461151,94.3160016896837,94.4456323846721,19293100
2018-07-11,94.42710876464844,94.76043976335768,93.61227924859206,93.65857894903797,19644600
2018-07-12,96.47340393066406,96.67711125509827,95.12153639909411,95.158567672318,24335900
2018-07-13,97.62157440185547,97.778982054799,96.38081468818328,96.64008307839424,24635200
2018-07-16,97.14008331298828,97.98268256326679,96.77896127505086,97.59379060159979,21786900
2018-07-17,98.10306549072266,98.61233389054198,96.59379005978633,96.86231275565999,25901700
2018-07-18,97.33452606201172,98.19564798530575,96.96414974990901,98.093794322869,29493900
2018-07-19,96.66783142089844,97.51043048027067,96.19560153767182,97.15857693719666,40171600
2018-07-20,98.39936065673828,100.18642005351673,98.22343736116461,100.07531209091051,56004000
2018-07-23,99.97346496582031,100.13087263272001,98.26973642936939,98.42715116061102,29707000
2018-07-24,99.68639373779297,100.76047712361945,99.3160174768964,100.52899284360154,26316600
2018-07-25,102.62162017822266,102.9179197956264,99.6308399545166,99.96417790713834,30702100
2018-07-26,101.50125122070312,102.77904217484927,101.39013619951346,102.53829649444222,31372100
2018-07-27,99.70491790771484,102.01976090606972,98.27897377300741,102.01976090606972,37005300
2018-07-30,97.56600952148438,99.5660302864175,97.00118723993991,99.2512150157025,34668300
2018-07-31,98.22344207763672,98.8160414544634,97.57528165249755,98.60307274200609,27655200
2018-08-01,98.40863037109375,98.56603804105659,97.61232360448614,98.17714601020414,23628700
2018-08-02,99.6030502319336,100.08453439951487,97.07523892519909,97.59376848760108,26104300
2018-08-03,100.03825378417969,100.04751513399576,98.90860929418072,99.81603083897433,18659600
2018-08-06,100.12158966064453,100.39011230378851,99.59380572462784,100.11233537471365,20265900
2018-08-07,100.81605529785156,101.01976264347519,100.15864063246525,100.51975563085574,16080200
2018-08-08,101.3808822631836,101.62162796119844,100.70495192844793,101.23273595510327,15487500
2018-08-09,101.54754638671875,102.00126076966394,101.48273105548961,101.58458472804129,13677200
2018-08-10,100.92718505859375,101.56608417872852,100.3531012793174,101.31607710374433,18183700
2018-08-13,100.19566345214844,101.46419995789128,100.0938097951152,101.1493776367867,18472500
2018-08-14,101.4456787109375,101.62160904184941,100.03825725666307,100.51974149871108,16788300
2018-08-15,100.06999969482422,101.30622963005588,99.2892158021012,100.84147950795439,29982800
2018-08-16,100.05144500732422,101.18543688519658,99.73541820412798,100.66491881333131,21384300
2018-08-17,99.99569702148438,100.29313699160876,99.16844188296568,99.79120571236231,18061500
2018-08-20,99.33572387695312,100.2931082851528,98.97321923873241,99.93060364693207,17914200
2018-08-21,98.50848388671875,99.78189526293681,98.38764426133585,99.38220969215011,22881900
2018-08-22,99.51231384277344,99.77257282872881,98.32255442610574,98.38761917259458,18000600
2018-08-23,99.97706604003906,100.55335887145411,99.335715552371,99.59597454348565,18167700
2018-08-24,100.75789642333984,100.90661287597365,99.97711199954344,100.07935766327307,17234000
2018-08-27,101.8732681274414,101.91044900380632,100.86011583972417,101.56653121607623,19662300
2018-08-28,102.48672485351562,102.7098029829645,102.04985849351408,102.18928498374183,19151500
2018-08-29,104.12263488769531,104.13193187760811,102.49600913770476,102.66331949850768,20818000
2018-08-30,104.05760192871094,104.6710758028998,103.58356167123154,103.79734286385299,22798700
2018-08-31,104.41079711914062,104.82906952456453,103.65789686124073,103.81591734223596,23222700
2018-09-04,103.83452606201172,104.06690124532788,102.44957195507516,103.03515486408189,22634600
2018-09-05,100.84154510498047,103.56498287574165,100.47904034125531,103.18389121531233,32872400
2018-09-06,101.07388305664062,101.3062581831862,99.93060140529094,100.61842979423858,23477600
2018-09-07,100.58125305175781,101.05530031499723,99.67034648956201,100.59984703389932,22498600
2018-09-10,101.66877746582031,101.91044961788492,100.72068993314704,101.1668462691602,20727900
2018-09-11,103.39765167236328,103.72297548581166,101.21332653460725,101.22262352685642,24301800
2018-09-12,103.83452606201172,103.96465559734655,102.71912801870525,103.57426699134206,18891100
2018-09-13,104.9499282836914,105.71211858015077,104.21562187381154,104.21562187381154,26055600
2018-09-14,105.37747955322266,105.71210031742312,104.5130437609592,105.36818256212644,19122300
2018-09-17,104.23419952392578,105.6842182296893,103.97394048356074,105.67492832933839,20736500
2018-09-18,105.22874450683594,105.68419773916946,103.84379082968464,104.28065717339308,22170900
2018-09-19,103.82520294189453,105.330996303807,103.21173629991051,105.08003428925127,21728400
2018-09-20,105.5633773803711,105.77716562754884,104.03899704279743,104.36432081761015,23714500
2018-09-21,106.20474243164062,107.1621269320339,105.50761696923462,105.96307028571233,71229700
2018-09-24,106.5858154296875,106.79960365452217,104.3085421524707,105.06143525142735,27334500
2018-09-25,106.38134002685547,106.98551683058024,105.7306924483991,106.7066709076104,22668000
2018-09-26,105.94447326660156,106.94832844694895,105.7213880340566,106.39992653954329,19352000
2018-09-27,106.34415435791016,106.80890460244288,106.14895301466358,106.68806500028776,19091300
2018-09-28,106.3069839477539,106.49288122724853,105.66562627790216,106.13967355959808,21647800
2018-10-01,107.45956420898438,107.52462896688472,106.64160623944751,106.66019313105043,18883100
2018-10-02,107.0320053100586,107.67335596055385,106.37206067460555,107.17143183113232,20787200
2018-10-03,107.05058288574219,107.98938048162918,106.82750472635755,107.28295803679651,16648000
2018-10-04,104.83837890625,106.66949631688402,103.76015475097279,106.53006980142202,34821700
2018-10-05,104.22489166259766,105.19157306280196,102.83993786136007,104.68964192664629,29068900
2018-10-08,103.03514862060547,104.13195970305696,101.63160061279687,103.7880489911663,29640600
2018-10-09,104.34574127197266,105.10793149441173,102.98867122185075,103.30469802776423,26198600
2018-10-10,98.67578887939453,103.63931876897108,98.33187109824287,103.39764662298539,61376300
2018-10-11,98.44339752197266,101.25048580229127,96.85394548838072,97.9228724400231,63904300
2018-10-12,101.84537506103516,103.39763927880637,99.56810154833016,101.32485702190863,47742100
2018-10-15,100.01426696777344,101.76173270120046,99.4100901363551,101.23191762259329,32068100
2018-10-16,103.1745834350586,103.55568214717556,101.26910405752967,101.81751318860785,31610200
2018-10-17,102.90501403808594,103.92746331418913,101.82679699339457,103.80663078507239,26548200
2018-10-18,100.85079956054688,102.73768435316461,100.22803595647096,102.33799887308851,32506200
2018-10-19,100.99951171875,103.04440965788639,100.58123230515966,101.25047369368427,32785500
2018-10-22,101.90113830566406,102.74698717325927,100.60913316475417,101.6129954170014,26545600
2018-10-23,100.47901153564453,101.28767959525405,97.69980677999253,100.17227464149678,43770400
2018-10-24,95.10650634765625,100.84152366362588,94.42796775200448,100.76716900109012,63897800
2018-10-25,100.66492462158203,101.56653430764854,98.6664967781825,99.03829846162175,61646800
2018-10-26,99.41938781738281,101.08319481754684,97.37448924159271,98.2389251223142,55523100
2018-10-29,96.52863311767578,101.03670947981831,94.4651407103317,100.48830754551103,55162000
2018-10-30,96.41709899902344,97.02126870728466,93.05230432150927,96.35203424160176,65350900
2018-10-31,99.27997589111328,100.51621362859484,97.96008648749282,98.0065643630332,51062400
2018-11-01,98.45270538330078,99.75400768830724,98.09020070361338,99.50304563757251,33384200
2018-11-02,98.67578887939453,99.75400590724453,97.57897786795421,98.97322879309732,37680200
2018-11-05,99.93062591552734,100.14440711312933,98.43412916620215,98.87099564590336,27922100
2018-11-06,100.12580108642578,101.16683717118708,98.78731801570244,99.80976720960435,24340200
2018-11-07,104.0668716430664,104.3271306397043,101.687352712062,101.72453358179966,37901700
2018-11-08,103.87168884277344,104.29925825458824,103.0909117668142,103.91816670794907,25644100
2018-11-09,101.84537506103516,103.5928335434788,101.09248188422336,103.03513463133946,32039200
2018-11-12,99.33572387695312,102.20787710155213,98.62000449988312,101.70594596597122,33621800
2018-11-13,99.40078735351562,101.0738840257704,99.12193436237675,99.96778323504547,35374600
2018-11-14,97.99118041992188,101.06244906378241,97.52442239724694,100.91308307788857,39495100
2018-11-15,100.14761352539062,100.63304592194673,97.00166859232937,98.0098606425552,38505200
2018-11-16,101.09044647216797,101.64121748251114,99.69950965420142,99.9608929894261,33502100
2018-11-19,97.66446685791016,101.34251582212343,96.66560481442251,101.07179527098859,44773900
2018-11-20,94.94792175292969,96.12415403408403,92.74482318537956,95.03194190552203,64052500
2018-11-21,96.25484466552734,97.48708562015588,95.44268310277755,96.71226555568725,28130600
2018-11-23,96.21749877929688,96.90829866058864,95.21863689285635,95.37733291169216,13823100
2018-11-26,99.39147186279297,99.54083075263436,97.62712679842558,97.82316434755934,32336200
2018-11-27,100.01691436767578,100.19428470573847,98.35525684949678,99.20475279683164,29124500
2018-11-28,103.7323226928711,103.92836024018294,100.68905788710858,100.71706223355835,46788500
2018-11-29,102.86412811279297,103.73229825905834,101.78124615738164,102.99481978021686,28123200
2018-11-30,103.5176010131836,103.59228401140729,102.08932250242822,103.34023067294298,33665600
2018-12-03,104.63782501220703,105.87940323872688,103.36824956204612,105.48732815314058,34732800
2018-12-04,101.30518341064453,105.15127304210343,101.01579564339751,104.49781449600886,45197000
2018-12-06,101.93061828613281,101.97728981465211,98.01918381481177,98.78466667971715,49107400
2018-12-07,97.85115814208984,102.17333515755126,97.3657328997488,101.17447320701643,45044900
2018-12-10,100.4369888305664,100.80106664401333,96.98298227965387,97.83248530742621,40801500
2018-12-11,101.37051391601562,103.57361256949602,100.2969760560072,102.50007470948759,42381900
2018-12-12,101.82792663574219,103.87232182557338,101.79058514121243,103.5175883107834,36183000
2018-12-13,102.17333984375,103.49893819056844,101.40785688507376,102.29470150152355,31333400
2018-12-14,98.98069763183594,101.99595736307423,98.48593530492106,101.05310423467019,47043100
2018-12-17,96.04945373535156,98.76598851785248,94.94790464999814,98.40191787391173,56957300
2018-12-18,97.05767059326172,97.56177014470885,95.7040679674789,96.85229591058001,49319200
2018-12-19,96.79629516601562,99.77420694276607,94.61186359716717,96.75895366408555,68198200
2018-12-20,94.76123046875,97.37507152821453,92.21272813555468,96.198846256429,70334200
2018-12-21,91.6993179321289,96.15218796938579,90.98050632491633,94.87326795377483,111242100
2018-12-24,87.87185668945312,91.456561758463,87.7318349900932,91.18584126943097,43935200
2018-12-26,93.87437438964844,93.99573603779797,87.71316970813734,88.81471896348042,51634800
2018-12-27,94.45317840576172,94.46251556285765,89.99097168389481,92.69817034642347,49498500
2018-12-28,93.71566009521484,95.60136619083964,92.90349870288205,95.3026342672736,38196300
2018-12-31,94.81723022460938,95.5920502988283,93.76235959300134,94.55584685551447,33173800
2019-01-02,94.39715576171875,94.98526837292377,92.3620902674664,92.93153568940143,35329300
2019-01-03,90.9244613647461,93.52897190352745,90.73775388828604,93.44495175857993,42579100
2019-01-04,95.15328216552734,95.69472313208904,92.35273428323633,93.09021274689901,44060600
2019-01-07,95.27466583251953,96.40421963605164,94.26647369920936,94.88259071833426,35656100
2019-01-08,95.96544647216797,97.05765846945678,94.9479103411205,96.18948831521553,31514400
2019-01-09,97.3377456665039,97.90719120384354,96.37622497556912,96.95500767051753,32280800
2019-01-10,96.71226501464844,96.85229385187884,95.57337425101286,96.3575314662056,30067600
2019-01-11,95.96544647216797,96.5628961350693,94.88256450680822,96.3295171379309,28314200
2019-01-14,95.26532745361328,96.03081042375756,94.52784882886306,95.12529860447991,28437100
2019-01-15,98.02851867675781,98.06586017199722,95.1066089931919,95.69472864051001,31587600
2019-01-16,98.37393951416016,99.19543836944841,97.98186439986189,98.26192212273993,29853900
2019-01-17,99.06472778320312,99.5408158503254,97.7951453598856,98.01918722218798,28393000
2019-01-18,100.54901885986328,100.72638919898468,98.86869414340933,100.3156398335089,37427600
2019-01-22,98.65396118164062,99.97955205817917,97.88847842398981,99.65282291567476,32371300
2019-01-23,99.61548614501953,99.92354811776153,98.33656672986005,99.06471515329427,25874300
2019-01-24,99.139404296875,99.8862200055949,98.33657990275798,99.75552832489328,23164800
2019-01-25,100.04490661621094,100.70770211231319,99.13939496928647,100.11025245041365,31225600
2019-01-28,98.09388732910156,99.40081147781764,97.70181222113582,99.19543676731266,29476700
2019-01-29,96.09615325927734,97.99118987463487,95.37734184659234,97.90716971892232,31490500
2019-01-30,99.30745697021484,99.30745697021484,97.39375291445602,97.6644734839579,49471900
2019-01-31,97.48709869384766,98.22457735893607,96.32020342418184,96.89898604191494,55636400
2019-02-01,95.94678497314453,97.17902595765626,95.5453727595904,96.88030108632502,35535700
2019-02-04,98.70997619628906,98.76599199728811,95.93743263924966,96.03078993352754,31315100
2019-02-05,100.09158325195312,100.13825477706708,98.91535113779233,99.00870131018186,27325400
2019-02-06,98.98069763183594,99.8862092666024,98.51393964460883,99.8862092666024,20609800
2019-02-07,98.27124786376953,98.56997276477837,97.35640597037644,98.1965719801399,29760700
2019-02-08,98.6446533203125,98.74734067018643,97.32839920618072,97.44975374595752,21461100
2019-02-11,98.25257110595703,99.49414924825398,97.9911877332972,99.13940856636185,18914100
2019-02-12,99.7835464477539,100.01692549868835,98.46729230400868,99.0834092949506,25056600
2019-02-13,99.70887756347656,100.61438954889209,99.61552735431468,100.35300611437306,18394900
2019-02-14,99.79286193847656,100.15693260911968,98.63530409135902,99.24208379432295,21784700
2019-02-15,101.02509307861328,101.09977606084941,100.2222688249779,100.73570542514979,26606900
2019-02-19,100.97842407226562,101.43585204050115,100.61435340181654,100.62369055602755,18038500
2019-02-20,100.45342254638672,101.1940505879116,99.64716959751549,101.11904865020766,21607700
2019-02-21,102.57218933105469,102.63781424386248,100.19093125511925,100.21905519595416,29063200
2019-02-22,104.03468322753906,104.2503048585655,102.95655361467142,103.17218239827633,27763200
2019-02-25,104.61592864990234,105.16905899285679,104.30655817773899,104.7753095536828,23750600
2019-02-26,105.33782196044922,106.16282190262336,104.22219126781461,104.30657024458675,21536700
2019-02-27,105.15968322753906,105.33781104136541,103.95030380474749,104.70968590666405,21487100
2019-02-28,105.0284423828125,105.82531836904346,104.74719582139048,105.03781941396694,29083900
2019-03-01,105.49720001220703,105.95657442969933,104.69094694737922,105.83470162783632,23501200
2019-03-04,105.24407196044922,106.17219777937459,103.87531865754117,105.9565689767055,26608000
2019-03-05,104.71905517578125,105.36593436742999,104.27843488782086,105.2346845535561,19538300
2019-03-06,104.76593780517578,105.6190687856414,104.46593719555047,104.8784407160023,17687000
2019-03-07,103.49093627929688,104.57844298953216,103.00343795743277,104.43781613526671,25339000
2019-03-08,103.60344696044922,103.79094467847403,102.00031786782479,102.33781948233303,22818400
2019-03-11,105.7784423828125,105.89093814088794,104.04406363755533,104.0534335156758,26491600
2019-03-12,106.51907348632812,106.86594495371561,105.60969460222127,105.76906836575492,26132700
2019-03-13,107.34408569335938,107.81283715926924,106.66908243803641,106.99720703365738,35513800
2019-03-14,107.4284439086914,108.00032119682909,107.18469832716758,107.38157305958859,30763400
2019-03-15,108.66595458984375,109.92220492720251,107.42844400904903,108.13157111945758,54681100
2019-03-18,110.22220611572266,110.2597070867826,108.79720497833942,108.90970073894036,31207600
2019-03-19,110.29720306396484,111.03783111556305,109.6784477983593,110.70969942178999,37588700
2019-03-20,110.17533874511719,111.32847047060031,109.4159636774695,110.05346594184644,28113300
2019-03-21,112.70660400390625,113.26910433445914,109.77221523934608,109.81909324713372,29854400
2019-03-22,109.73469543457031,112.1159460316881,109.725318404717,112.03157422074258,33624500
2019-03-25,110.30659484863281,110.63471943371599,109.05033724099783,109.27533593468637,27067100
2019-03-26,110.54097747802734,111.29097555469097,109.54721947639258,111.20660372150554,26097700
2019-03-27,109.47219848632812,110.82220480317581,108.30031998978083,110.51282716346843,22733400
2019-03-28,109.62220764160156,110.23158591964217,108.87220250669327,110.10033609392008,18334800
2019-03-29,110.56907653808594,110.92532500788148,109.6503206966639,110.69094932056323,25399800
2019-04-01,111.58161163330078,111.66599062848077,110.71911053024279,111.51598670486334,22789100
2019-04-02,111.74098205566406,112.01285877715333,111.11284962546054,111.6191020910702,18142300
2019-04-03,112.47222900390625,112.90347949856297,111.70347687819995,112.36910310816445,22860700
2019-04-04,111.90033721923828,112.71596724794448,110.981581308078,112.59408730363754,20112800
2019-04-05,112.39722442626953,112.71597913818316,111.90972605535296,111.92847296660453,15826200
2019-04-08,112.43472290039062,112.51909472801536,111.2253433030464,112.32221997764483,15116200
2019-04-09,111.82534790039062,112.06910066394165,111.1690987130375,111.2159695678029,17612000
2019-04-10,112.67848205566406,112.8284788085972,112.06910370653218,112.27535550032265,16477200
2019-04-11,112.80970001220703,113.29719826217827,112.42532047740569,113.00657471811337,14209100
2019-04-12,113.39096069335938,113.4190917854993,112.84721450582565,113.10033711445524,19745100
2019-04-15,113.4847412109375,113.98161665739993,113.0347366230095,113.38161530854943,15792600
2019-04-16,113.22220611572266,114.0472131290052,112.59408097793963,114.03783609860558,14071800
2019-04-17,114.15972900390625,114.23473095516515,113.00660440176463,113.66285359383062,19300900
2019-04-18,115.65974426269531,115.80036398647033,113.71911339621947,114.55349046932483,27991000
2019-04-22,116.02536010742188,116.25035879914961,114.90972937528204,114.95660738099089,15648700
2019-04-23,117.60037994384766,117.7316297931312,116.09099952450646,116.34412219024465,24025500
2019-04-24,117.1972427368164,117.98474176111466,116.73786115339607,117.92849387440184,31257000
2019-04-25,121.0785140991211,123.15977203023964,120.77852055954115,121.93164531429773,38033900
2019-04-26,121.77225494384766,122.36288636709969,120.95663197281159,121.59412709841233,23654900
2019-04-29,121.65975189208984,122.04411719828077,121.26600240186298,121.78161753812954,16324200
2019-04-30,122.43788146972656,122.53162317434014,121.30349669418055,121.69724618593837,24166500
2019-05-01,119.88788604736328,122.48476631814893,119.71913521424713,122.37227053112521,26821700
2019-05-02,118.32225036621094,120.00038156040434,117.67537102053625,119.98163464792077,27350200
2019-05-03,120.8440933227539,121.34096861351405,119.29721957682605,119.40034544689831,24911100
2019-05-06,120.14097595214844,120.52535552652098,118.2284765685761,118.4909762034751,24239800
2019-05-07,117.67535400390625,119.23161216046104,116.45660459647064,118.55660896738084,36017700
2019-05-08,117.66598510742188,118.47223813337725,116.95348093627034,117.60036019380128,28419000
2019-05-09,117.65660095214844,117.928477621423,115.84722026893256,116.52222342677581,27235800
2019-05-10,119.18473815917969,119.93474332169248,116.0816059256272,117.10348778073639,30915100
2019-05-13,115.6409683227539,117.70347876312313,115.35034474515417,116.35347244961446,33944900
2019-05-14,116.93473815917969,118.01286075639663,115.96910417809224,116.12848510472882,25266300
2019-05-15,118.58143615722656,119.23070994419304,116.39837868202451,116.92532854090473,24722700
2019-05-16,121.31967163085938,121.74312107077519,118.99547378357154,119.2683568817107,30112200
2019-05-17,120.51042175292969,122.75934669994427,120.36926718484226,120.7362460888954,25770500
2019-05-20,118.76961517333984,120.05874361006993,118.33676844766619,119.05190277057689,23706900
2019-05-21,119.40948486328125,120.00229531711392,119.10837376591397,119.90819944525943,15293300
2019-05-22,120.13404083251953,120.6704024221227,119.05192026974974,119.1460233283818,15396500
2019-05-23,118.73197937011719,118.83548697962244,117.37697588499711,118.75079567227513,23603800
2019-05-24,118.7884521484375,119.8988007872087,118.53439254880298,119.41890963467064,14123400
2019-05-28,118.71318054199219,120.44456775756039,118.60967291725107,119.48477826702683,23128400
2019-05-29,117.565185546875,117.98862058514813,116.7183082912735,117.97920884368165,22763100
2019-05-30,118.30856323242188,118.3367912796865,117.4146343877264,117.86630468112753,16829600
2019-05-31,116.37955474853516,117.26407177087881,116.04080385398036,116.8970928316203,26646800
2019-06-03,112.76620483398438,117.02881870407712,111.98520267263972,116.53950870662399,37983600
2019-06-04,115.89026641845703,116.00317861142777,113.52842160172017,114.1212321519846,29382600
2019-06-05,118.40266418457031,118.4403039755529,116.87828495552786,117.57460314106554,24926100
2019-06-06,120.27520751953125,120.4163549510475,118.18624563444925,118.97666694350627,21459000
2019-06-07,123.6438980102539,124.44373113698886,120.68924213263031,121.56435485372623,33885600
2019-06-10,124.7730484008789,126.1656846757307,124.20845875420623,124.58484227991391,26477100
2019-06-11,124.30256652832031,126.3162486192499,123.53096160581532,125.97749769002289,23913700
2019-06-12,123.72858428955078,124.18024745292732,122.9946262647715,123.64388578045079,17092500
2019-06-13,124.50961303710938,125.14946808731459,123.79446403027379,124.18967115389147,17200800
2019-06-14,124.63191223144531,125.89281302285646,123.86972614645967,124.45312500496952,17821700
2019-06-17,125.00829315185547,125.83633978969151,124.70717484128868,124.80127790286863,14517800
2019-06-18,127.18194580078125,127.25722538250275,125.68580180411061,126.26920061481215,25934500
2019-06-19,127.68064880371094,127.90647317013605,125.91161469012324,127.03137503401712,23744400
2019-06-20,128.8662872314453,129.53438457474093,127.70889412264223,129.33677386928053,33042600
2019-06-21,128.88507080078125,129.600205099889,128.40517974773493,128.51809191124977,36727900
2019-06-24,129.6472930908203,130.23069191056948,128.91333510529319,128.91333510529319,20628800
2019-06-25,125.55404663085938,129.46849857155732,124.8953682653841,129.14857113091384,33327400
2019-06-26,126.02452850341797,127.72770198486519,125.7140199955671,126.41974986599556,23657700
2019-06-27,126.23152160644531,126.75847854475045,125.6292994636336,126.22211704540909,16557500
2019-06-28,126.0527572631836,126.65497944643755,125.2999759445888,126.62675140332483,30043000
2019-07-01,127.67122650146484,128.6310231076823,127.00314362433801,128.5651624552563,22613500
2019-07-02,128.51809692382812,128.52750148511842,127.35128520893545,128.0852430166249,15237800
2019-07-03,129.34619140625,129.60966277196758,128.24524005036486,128.7251456050103,13629300
2019-07-05,128.96975708007812,129.22382381034333,127.70885670604983,127.91587191469429,18141100
2019-07-08,128.87571716308594,129.00745285860933,127.3795586147893,128.3487600228785,16779700
2019-07-09,128.4051971435547,128.88508826161473,127.78415144386977,127.97234319459272,19953100
2019-07-10,129.71315002441406,130.40005638009714,128.93214061371236,129.03564823098873,24204400
2019-07-11,130.23072814941406,131.0023333201537,129.73201333734724,130.0425363188803,22327900
2019-07-12,130.70114135742188,130.91757548095563,129.8636759784014,130.65410419484414,18936800
2019-07-15,130.70114135742188,131.30336349112076,130.2871253064668,131.20927480785707,16651500
2019-07-16,128.98861694335938,130.8423354248371,128.46167421203603,130.75765127689854,22726100
2019-07-17,128.2264404296875,129.7884452542176,128.1793888912968,129.5720254073568,20211000
2019-07-18,128.36753845214844,128.55573018568003,126.72083565705636,127.54889651432609,30381800
2019-07-19,128.5557098388672,132.3666528616781,128.3957461727777,131.9432179387228,48992400
2019-07-22,130.25892639160156,130.97407528530488,129.22386438151926,129.29914396812555,25074900
2019-07-23,131.06813049316406,131.72682311804994,129.88250961296632,131.51038897759457,18034600
2019-07-24,132.41372680664062,132.4325502876357,130.65411182348933,130.70114898881346,20738300
2019-07-25,131.9150390625,132.31024609508248,131.09639694915856,132.1408634479117,18356900
2019-07-26,132.9971466064453,133.31707404360185,132.01854081099262,132.08440146776655,19037600
2019-07-29,132.70542907714844,133.1570921242279,131.14341035661647,133.1476875625775,16605900
2019-07-30,132.06556701660156,132.88420893649075,131.54802899214516,131.86795636795145,16846500
2019-07-31,128.2264404296875,132.19734905355295,127.10667986331171,132.0467898739482,38598800
2019-08-01,129.91079711914062,132.62080535215105,128.84749248586053,128.91336752174539,40557500
2019-08-02,128.81924438476562,130.15543916148184,127.27604868290362,129.9390049556382,30791600
2019-08-05,124.40608215332031,126.02454296577254,123.06048291306709,125.43173957009901,42749600
2019-08-06,126.73969268798828,127.67124704090605,125.34705626146928,125.90222704768873,32696700
2019-08-07,127.29484558105469,127.64300104921793,124.04849111073806,125.89279042967433,33414500
2019-08-08,130.69178771972656,130.78589079776512,127.90650029228253,128.53696507053607,27496500
2019-08-09,129.58145141601562,131.1528752490248,128.4052346824955,130.42832172090436,23466700
2019-08-12,127.77474975585938,129.72257125171518,127.25722596110316,128.97920871076764,20484300
2019-08-13,130.41888427734375,130.60707603564092,127.03137519555139,128.01939987425007,25154600
2019-08-14,126.49139404296875,129.26706965994273,126.19872331161433,128.7383722864092,32527300
2019-08-15,126.20819091796875,127.05789568697004,124.85812510016149,126.87851308887223,28074400
2019-08-16,128.52122497558594,128.83278185540715,127.19003132705593,127.34109182743995,24449100
2019-08-19,130.67373657226562,130.80591085793256,129.23869118079836,130.14503942959786,24355700
2019-08-20,129.5880584716797,130.9570244791791,129.5691867131472,130.48497120926137,21170800
2019-08-21,131.03256225585938,131.69344846909365,130.2867243031656,130.80598586816757,14970300
2019-08-22,130.07896423339844,131.4195934442145,128.67224066706046,130.9097823832806,18697000
2019-08-23,125.93437194824219,130.61714676815424,125.37735254195988,129.5219797142983,38508600
2019-08-26,127.87923431396484,127.9830866147604,126.4158662230904,127.44495335130941,20312600
2019-08-27,128.153076171875,129.07829690295674,127.13343898814226,128.76673989632218,23102100
2019-08-28,127.98307800292969,128.17189642641898,126.08542907709038,127.34109248188159,17393300
2019-08-29,130.40000915527344,130.7021302056867,129.25764814746918,129.57864095908982,20168700
2019-08-30,130.15452575683594,131.40073887534862,128.65339984361205,131.37241683214987,23940100
2019-09-03,128.436279296875,129.53144661299442,128.11528645088603,128.97442707332073,18869300
2019-09-04,129.9373779296875,129.9940220128763,128.85164684685714,129.62582106622773,17995900
2019-09-05,132.2221221923828,132.5336790754862,131.00421670334944,131.33465975068032,26101800
2019-09-06,131.32522583007812,132.3448482188125,130.475521298236,132.20323799980014,20824500
2019-09-09,129.83349609375,131.93884900667527,128.83274576937973,131.78778854860326,25773900
2019-09-10,128.4739990234375,129.23872289286365,126.99174507925481,129.15375677535414,28903400
2019-09-11,128.5117645263672,128.65338913649668,127.53933604167992,128.3135102404754,24726100
2019-09-12,129.83349609375,130.68318596004826,129.21981838505175,130.1450528863042,27010000
2019-09-13,129.64474487304688,130.34337464312534,128.9366648157453,130.07902590754014,23363100
2019-09-16,128.71002197265625,129.0593367164644,128.07747243925672,128.2379687919772,16731400
2019-09-17,129.71078491210938,129.83352336080964,128.8044363792482,129.30482605244111,17814200
2019-09-18,130.77761840820312,130.91922860133747,128.8988415457411,129.68245156156436,23982100
2019-09-19,133.1851348876953,134.412462034287,132.24102821744046,132.45816871794023,35772100
2019-09-20,131.64625549316406,133.7327234696343,130.52276608771396,133.12849568929894,39167300
2019-09-23,131.36300659179688,131.82562406420516,130.702134778303,131.44797273797641,17139300
2019-09-24,129.70140075683594,132.8263920553697,129.22934734241267,132.5148350731391,29773200
2019-09-25,131.57066345214844,132.13713303286846,128.42678753158395,129.81462503902017,21382000
2019-09-26,131.7406005859375,132.34482810509775,130.70209219052603,131.64619858958395,17456600
2019-09-27,130.03179931640625,132.51480430973803,129.01216244925013,132.3165355831006,22477700
2019-09-30,131.25912475585938,131.4385072947318,130.0789916379322,130.3339044250626,17280900
2019-10-01,129.40867614746094,132.41092770026117,129.3425817820733,131.85390836022654,21466600
2019-10-02,127.1239242553711,128.74778845745865,126.11373787256218,128.63450029645,30521700
2019-10-03,128.662841796875,129.10657303583397,125.77387800683437,127.40717833406802,24132900
2019-10-04,130.40000915527344,130.5227476327444,128.79503069124559,129.10658762226254,22897700
2019-10-07,129.45590209960938,130.4566528657822,129.36150007607725,129.47478826668564,15303700
2019-10-08,128.08694458007812,130.06012397653248,128.0397363674609,129.41813838389473,25550500
2019-10-09,130.5133056640625,130.94758664636785,129.3142862107932,129.776903645437,19749900
2019-10-10,131.32522583007812,131.8633590682478,130.52272950654768,130.74932026289008,17654600
2019-10-11,131.87278747558594,133.14733699817143,131.70285522239948,132.2881966357152,25446000
2019-10-14,131.7500457763672,132.44867526487255,131.721723737964,131.88222009088872,13304300
2019-10-15,133.6571502685547,133.86484042358296,131.99551378096498,132.23154038150483,19695700
2019-10-16,132.56202697753906,133.1096105995744,131.73120846053024,132.92077773230864,20751600
2019-10-17,131.88223266601562,133.51553279532317,131.24968307149675,133.0718016101363,21460600
2019-10-18,129.72970581054688,132.1749387194344,128.92720934880884,131.94834792406806,32273500
2019-10-21,130.69271850585938,130.7588129073732,129.35208836216313,130.71160467856745,20078200
2019-10-22,128.747802734375,132.18434992328545,128.64395043996058,131.2024854718492,27431000
2019-10-23,129.5692138671875,129.76746821478483,128.03031527485095,129.22933486538082,29844600
2019-10-24,132.11830139160156,132.57146859962873,130.91928178098044,131.59903979598408,37029300
2019-10-25,132.86412048339844,133.25120765468353,131.4196385085285,131.5518128589766,25959700
2019-10-28,136.13072204589844,137.52799566822608,135.48872211828478,136.32897634868806,35280100
2019-10-29,134.8467254638672,136.42338150059607,134.67677881244143,136.0268585218308,20589500
2019-10-30,136.52725219726562,136.89545318476704,134.8089713183103,135.49817948936717,18496600
2019-10-31,135.35655212402344,136.82935604426177,134.9978014293005,136.80103400009742,24605100
2019-11-01,135.68701171875,136.34788350634045,134.97893171649068,136.1968229817699,33128400
2019-11-04,136.47059631347656,136.89544135373484,136.1023953577965,136.73494497878934,16912000
2019-11-05,136.38568115234375,136.9143786805374,135.8664195064653,136.86717045710714,18250200
2019-11-06,136.0079803466797,136.44227567612077,135.19604817888097,136.30065105729517,16575800
2019-11-07,136.19679260253906,136.78214840320285,135.7341896573734,135.8002696184308,17786700
2019-11-08,137.80178833007812,137.83011037203946,135.7247425467683,135.9324471250993,16732700
2019-11-11,137.9434051513672,138.2360758696096,136.64053353501333,137.21643909236604,14362600
2019-11-12,138.84976196289062,139.32181525400387,137.89620509505104,138.10390969561473,18641600
2019-11-13,139.0763397216797,139.21796435399204,138.10391108467948,138.53820645547805,16919200
2019-11-14,139.78448486328125,140.11492808687765,138.78373371423623,138.80261988853806,19729800
2019-11-15,141.587646484375,141.6065326471697,139.9826683889357,140.60576770194822,23485700
2019-11-18,141.9369659423828,142.13523464345982,140.65298054252128,141.68206756289746,21534000
2019-11-19,141.98419189453125,142.8716544090842,141.8048093344505,142.44680931758558,23935700
2019-11-20,141.73788452148438,142.89361502395266,140.63900530933563,142.39153703820168,25696800
2019-11-21,141.60523986816406,141.90838888609795,140.6768712968879,141.5294526136806,18576100
2019-11-22,141.70947265625,142.38207563417407,140.98004729526477,142.1641962701748,15901800
2019-11-25,143.2630615234375,143.37674964327292,142.02207583187874,142.09786309345495,22420900
2019-11-26,144.0209197998047,144.39037366594638,143.34833134205698,143.38621774540442,24620100
2019-11-27,144.29563903808594,144.466149522101,143.53778093649,144.30510702443976,15184400
2019-11-29,143.40518188476562,144.2767137945009,143.3104441849264,144.08725284976603,11977300
2019-12-02,141.6715850830078,143.83147163906838,140.50638654867225,143.81252120824163,27418400
2019-12-03,141.44422912597656,141.55790280575013,138.92435655473975,139.72011567798677,24066000
2019-12-04,141.9557647705078,142.26836733521912,141.3399987178796,142.23048093356795,17574700
2019-12-05,142.03155517578125,142.4010235261113,141.6052644434032,142.14524330470715,17869100
2019-12-06,143.7556915283203,143.86936520905383,142.3536631311451,143.0357341254345,16403500
2019-12-09,143.38619995117188,144.1914268580623,142.95990930544062,143.11148380990429,16687400
2019-12-10,143.16835021972656,143.88830758229085,142.8178322988556,143.31991030056835,16476100
2019-12-11,143.70831298828125,143.86935551011177,142.4104903709191,143.55673845422552,18856600
2019-12-12,145.16720581054688,145.35666676790927,143.06415593745186,143.6609572303962,24612100
2019-12-13,146.38925170898438,146.73028723852846,144.77881177417171,144.93985432215842,23845400
2019-12-16,147.33651733398438,147.6870207251298,146.6639289642221,146.93864510364466,24144200
2019-12-17,146.54075622558594,147.5070255066041,146.3133944962468,147.26071335275202,25425600
2019-12-18,146.2376708984375,147.2891958649987,146.0576779245751,146.17136606619312,24129200
2019-12-19,147.5070343017578,147.56387112374688,145.65028287212516,145.88711260037252,24958900
2019-12-20,149.1175079345703,150.14061433101858,148.0565006781002,149.06067109948032,53477500
2019-12-23,149.1175079345703,149.79009642305894,148.9848838343794,149.79009642305894,17718200
2019-12-24,149.08909606933594,149.40171313101288,148.84278383319707,149.18381931366798,8989200
2019-12-26,150.31106567382812,150.36790248654714,149.10796680317296,149.25954127371506,14520600
2019-12-27,150.58583068847656,151.1447454147721,149.88480944290797,151.05000773525674,18412800
2019-12-30,149.2880401611328,150.64271423263378,148.47334501143888,150.6142958109539,16348400
2019-12-31,149.39222717285156,149.45854645177255,148.20807823448885,148.51122730108239,18369400
2020-01-02,152.1584014892578,152.26260717686054,149.98904693545595,150.41533767385138,22622100
2020-01-03,150.26373291015625,151.5236688959314,149.73323659087,149.97954877835332,21116200
2020-01-06,150.65213012695312,150.7184493912366,148.26488234672686,148.8048610818125,20813700
2020-01-07,149.27854919433594,151.25844269298102,149.03225142604057,150.92688967276914,21634100
2020-01-08,151.65631103515625,152.32891395537885,149.62904874222338,150.55741741152548,27746500
2020-01-09,153.5509490966797,153.674105204978,152.5467931657798,153.31411932222434,21385000
2020-01-10,152.84046936035156,154.6214340015497,152.68889482600636,154.24251212062987,20725900
2020-01-13,154.67828369140625,154.70670211208954,152.76469478737948,153.23835440536027,21626500
2020-01-14,153.58885192871094,154.98141217679571,153.2004476244277,154.78246880352256,23477400
2020-01-15,154.58349609375,155.30346773187313,154.00564542306233,154.0529998056212,21417900
2020-01-16,157.41603088378906,157.48235016664844,155.38876835912026,155.6919174437164,23865400
2020-01-17,158.29701232910156,158.6475157371676,156.71497686229213,158.60014689568655,34371700
2020-01-21,157.72862243652344,159.32959395002115,157.66230316439436,157.89913292781256,29517200
2020-01-22,156.9707794189453,158.66648878308445,156.95182898866327,158.58121907428676,24138800
2020-01-23,157.93702697753906,158.0128142331594,156.56341729990527,157.43494905712768,19680800
2020-01-24,156.34552001953125,158.70434951248504,155.78660528365143,158.68539908526893,24918100
2020-01-27,153.73094177246094,154.77299856024104,151.76051631780365,152.66046656819069,32078100
2020-01-28,156.74343872070312,157.02762291226713,154.47934644660026,155.15193497322656,24899900
2020-01-29,159.18751525878906,159.8601182647004,156.96132376629157,158.9980543059086,34754500
2020-01-30,163.67782592773438,164.8809254745799,161.79265533503514,164.8809254745799,51597500
2020-01-31,161.2621307373047,163.31781150569444,160.6463790875127,163.1378330139446,36142700
2020-02-03,165.1935272216797,165.30720090044179,161.423186386706,161.45160480639652,30107000
2020-02-04,170.63113403320312,171.1237440771596,167.02185010187932,167.80812679253964,36433300
2020-02-05,170.4226837158203,174.49615834021887,169.0111876454054,174.3351158434909,39186300
2020-02-06,173.95620727539062,174.1362002133704,170.57427122162437,171.43633505355797,27751400
2020-02-07,174.20252990722656,175.85087054547617,172.86680634459037,173.21732428358098,33529100
2020-02-10,178.75914001464844,178.89176413177015,173.59625298069977,173.90887006854624,35844300
2020-02-11,174.72354125976562,180.65375376260124,173.8330589718601,180.60638491548957,53159900
2020-02-12,174.9793243408203,176.0592675799467,172.2699910279323,175.80348736530172,47062900
2020-02-13,174.0320281982422,176.41926233388548,173.23626903141627,173.43521243685896,35295800
2020-02-14,175.58560180664062,175.64243864012167,173.0278286604553,173.59622590515036,23149500
2020-02-18,177.3665771484375,177.81181834735847,175.7277189116326,175.8319246061661,27792200
2020-02-19,177.8984832763672,178.75339330512708,177.1290613515988,178.63940916647175,29997500
2020-02-20,175.1817626953125,177.86999994787422,172.0280805137108,177.5850250864562,36862400
2020-02-21,169.643798828125,174.3078432347574,168.3709275932466,173.99437234955488,48572600
2020-02-24,162.32949829101562,165.8061590689165,155.05321204946463,159.3657950675832,68311100
2020-02-25,159.6507568359375,166.08161197190887,159.2517834397521,165.47367252715827,68073300
2020-02-26,161.64561462402344,164.58082272532707,159.7838056869428,161.20866567721743,56206100
2020-02-27,150.25619506835938,158.66287293546242,150.06621667754132,155.13872812835803,93174900
2020-02-28,153.8944091796875,155.50926247929854,144.3858464813755,144.7753117827842,97012700
2020-03-02,164.13438415527344,164.25787667339787,154.1793652796082,157.02908558517254,71030800
2020-03-03,156.2691650390625,166.233692754148,154.13187470365204,165.09380747414795,71677000
2020-03-04,162.0065460205078,162.1490261885452,157.32349974057868,160.04974107587717,49814400
2020-03-05,157.9409942626953,162.310556474439,157.39004662621815,157.7320136249134,47817300
2020-03-06,153.4763946533203,154.93924423326555,148.18540868091614,154.4642910003139,72821100
2020-03-09,143.07492065429688,149.84775902864055,142.48598322850134,143.435889783358,70419300
2020-03-10,152.85899353027344,152.96348385327482,144.93677465901976,150.23725610009342,65354400
2020-03-11,145.9341278076172,149.80023939633622,143.57834945221603,149.25880027453712,56371600
2020-03-12,132.093994140625,145.78215013607596,131.6380430840003,138.0214158544372,93226400
2020-03-13,150.87367248535156,153.79938665871734,133.68035660445514,140.11122857796408,92727400
2020-03-16,128.63633728027344,141.86854244359614,128.23737828715525,132.98691081630918,87905900
2020-03-17,139.22781372070312,140.111219878546,128.23738768544888,132.98692056268771,81059800
2020-03-18,133.3668975830078,138.68638100850166,128.2564092897263,131.08712725461115,81593200
2020-03-19,135.56117248535156,142.6284651649305,132.0370127460227,135.61816456023482,85922700
2020-03-20,130.4696502685547,139.7312376991347,129.05428450988973,138.68633485791608,84866200
2020-03-23,129.1682891845703,133.52837128420802,125.881620623842,130.14669177586433,78975200
2020-03-24,140.90914916992188,142.10604082694735,134.19331668258258,136.5490811192796,82516700
2020-03-25,139.5602569580078,146.59906738567054,137.20449296873716,141.45057605299218,75638200
2020-03-26,148.28990173339844,148.81235319825882,140.9376203324005,140.96611636735446,64568100
2020-03-27,142.20101928710938,147.1310370046496,141.7260659731949,144.1483307730437,57042300
2020-03-30,152.2035675048828,152.55504288863818,142.49551853045523,144.80379966737598,63420300
2020-03-31,149.8097381591797,156.52556857589585,148.7173371503791,151.4150677295448,77927200
2020-04-01,144.49032592773438,149.84779977411256,143.26495251632153,145.33574241165908,57969900
2020-04-02,147.48248291015625,147.69146350670735,142.8279467020778,144.25280649978632,49630700
2020-04-03,146.12411499023438,149.49628588002253,144.56626894886142,147.33050027358752,41243300
2020-04-06,156.99107360839844,158.1594547108867,149.68628926690775,152.28903866452734,67111700
2020-04-07,155.3002471923828,161.48413441584339,155.0817582215985,161.09466920123717,62769000
2020-04-08,156.8580780029297,158.32092775680474,155.30972564119622,157.3710211779595,48318200
2020-04-09,156.86758422851562,158.98587200804732,155.14825550424828,158.02647150570388,51385100
2020-04-13,157.21900939941406,157.27601596103173,154.1698178490686,156.11712894664603,41905300
2020-04-14,164.99876403808594,165.04626226424094,159.58429962815816,160.53420617356386,52874300
2020-04-15,163.26998901367188,164.8753338600931,160.76223558628584,162.62404483836073,40940800
2020-04-16,168.1714324951172,168.3994152624169,164.23882034933587,165.5686980836176,50479600
2020-04-17,169.6533203125,170.98318372145278,167.06006492340595,170.50823043333762,52765600
2020-04-20,166.2906494140625,169.79580713643446,166.22416348822875,167.7820097543469,36669600
2020-04-21,159.413330078125,164.97027490463032,157.78898343996238,164.8087925244848,56203700
2020-04-22,164.8278045654297,165.28375569511513,162.26305953111464,162.8044987799114,34620200
2020-04-23,162.83299255371094,166.2906521024293,162.34854539106306,165.38824370404214,32790800
2020-04-24,165.80624389648438,165.8157377470091,162.15860506388518,163.44097061728124,34277600
2020-04-27,165.33123779296875,168.03846276162992,164.61880788104367,167.74399405047532,33194400
2020-04-28,161.3036651611328,166.87011937399518,160.9047060598675,166.79412509359793,34392700
2020-04-29,168.54193115234375,168.77940781653479,163.2699608028428,164.54283224424475,51286600
2020-04-30,170.23280334472656,171.3631802570195,167.4020706557273,170.98322333626544,53875900
2020-05-01,165.8251953125,169.69130747870238,165.29323546301947,166.99357632410124,39370500
2020-05-04,169.88134765625,170.0333362399319,165.0938232257024,165.7492613102052,30372900
2020-05-05,171.70510864257812,174.450338086352,170.88818840181372,171.572122300799,36839200
2020-05-06,173.39593505859375,174.97278340842882,172.53153111485707,172.95898616297717,32139300
2020-05-07,174.40283203125,175.3052402702839,173.43392338262575,174.9442711769014,28316000
2020-05-08,175.4287109375,175.73268794965426,174.17484199841797,175.7136857627892,30877800
2020-05-11,177.38552856445312,178.11694606558416,173.69039320218363,173.9753535301975,30892700
2020-05-12,173.367431640625,177.6705069643846,173.16795939072577,177.4425386787855,32038200
2020-05-13,170.74571228027344,174.83031358141244,167.6965057001137,173.4054536736494,44711500
2020-05-14,171.4866180419922,171.63860655955162,166.87956575262888,168.64639240959448,41873900
2020-05-15,173.98492431640625,177.68955485444684,168.1334952406675,170.0903008322698,46610400
2020-05-18,175.6472625732422,176.87263591681278,174.7448540495985,176.44518077344753,35264500
2020-05-19,174.4313507080078,177.25257442284837,174.29836436598677,175.76121412821837,26799100
2020-05-20,176.85084533691406,177.0318325808868,175.21245438645676,176.04117015118126,31261300
2020-05-21,174.72662353515625,177.8128975506415,174.59326682345701,176.6031523221469,29119500
2020-05-22,174.80282592773438,175.7077620261806,173.87884925285118,174.49801682204026,20826900
2020-05-26,172.95494079589844,177.65101700325025,172.50724001921918,177.49860513570079,36073600
2020-05-27,173.18348693847656,173.35495386661088,168.22069886726882,171.6498775472554,39517100
2020-05-28,172.79298400878906,175.41250287324576,171.82139111320652,172.16431052776355,33810200
2020-05-29,174.55517578125,175.52678301222977,171.84993125203522,174.05984460970063,42130400
2020-06-01,174.15509033203125,174.31702243383316,172.85009869499837,173.87884210235282,22622400
2020-06-02,176.13644409179688,176.22217030792038,172.7453603292764,175.50775610396937,30794600
2020-06-03,176.56504821777344,177.1175301498481,174.86950673493328,176.05067650710572,27311000
2020-06-04,174.2408905029297,177.02234188231384,173.650312641528,175.5554175206785,28761800
2020-06-05,178.3177947998047,178.82264637625497,173.37404583909802,173.9551033467779,39893600
2020-06-08,179.42276000976562,179.60374728060464,175.68875656728133,177.1175850825848,33211600
2020-06-09,180.79440307617188,181.651694207209,178.37491244759534,179.07980627930513,29783900
2020-06-10,187.5003662109375,189.10066141937924,181.94698529918034,182.06130144357863,43872300
2020-06-11,177.4319305419922,186.47164305333587,177.241422978696,183.9664402531399,52854700
2020-06-12,178.83213806152344,182.623291383171,176.39359245482194,181.49927233718,43373600
2020-06-15,179.9752197265625,181.7660225607909,175.27912969897213,175.82209144395165,32770200
2020-06-16,184.38551330566406,186.3001377560509,182.37562783325563,183.73777033245818,42556700
2020-06-17,185.02374267578125,187.0050529757738,184.4998360641594,185.77625251080684,25687800
2020-06-18,187.00503540039062,187.166967513347,184.79510754989806,184.79510754989806,23061600
2020-06-19,185.89051818847656,189.83408291259306,185.1475287864539,189.16729941523812,44441100
2020-06-22,191.0534210205078,191.2343937475536,185.9667807124898,186.50020767278062,32818900
2020-06-23,192.3297882080078,194.2729879977729,191.87255275823534,192.50124060057937,30917400
2020-06-24,188.4529571533203,193.60626895683222,187.2336912840511,192.03456336224485,36740600
2020-06-25,190.83424377441406,191.09143685663835,186.19532068186237,188.41476834857986,27803900
2020-06-26,187.0145721435547,190.4056555951069,185.63337438286644,190.2532437572232,54675800
2020-06-29,189.0244598388672,189.11018604803854,184.36648018824906,186.49066751265465,26701600
2020-06-30,193.85385131835938,194.7016220127296,188.35763677088494,188.49099346882664,34310300
2020-07-01,194.98741149902344,196.5591311811581,192.19644082936517,193.50143255212635,32061200
2020-07-02,196.47340393066406,198.1499050400059,195.27319343767005,195.92092193188483,29315800
2020-07-06,200.7027587890625,201.11236382000442,198.2165968027034,198.92149070943458,31897600
2020-07-07,198.3690185546875,204.48440264062543,198.12136018661715,200.46463072969885,33600700
2020-07-08,202.73171997070312,203.1413105076855,198.78815379243784,200.10268069679142,33600000
2020-07-09,204.1510009765625,206.11325624543244,201.43622130626395,206.06562572695827,33121700
2020-07-10,203.5318145751953,203.9223644420307,201.0647080140899,203.48418406110454,26177600
2020-07-13,197.24497985839844,205.5607560236362,196.70201815845206,204.30338021415548,38135600
2020-07-14,198.46424865722656,198.94052473796404,192.44411202000435,196.34958169596874,37591800
2020-07-15,198.16897583007812,201.30288106397543,195.30179861452493,199.61685940848528,32179400
2020-07-16,194.244384765625,195.93992601156808,192.71077560105977,195.65415753010592,29940700
2020-07-17,193.25376892089844,195.31127034893814,191.8344611018104,194.7683232262637,31635300
2020-07-20,201.5600128173828,202.2267963230071,193.37757993653867,195.27316368483304,36884800
2020-07-21,198.84527587890625,203.78902422512718,198.15943711788177,203.5223107663725,37990400
2020-07-22,201.7029266357422,202.22683324824817,198.50235068955192,199.27391563942754,49605700
2020-07-23,192.92990112304688,200.91229258668062,192.55840637545583,197.35927722794668,67457000
2020-07-24,191.7487335205078,193.23471241579142,188.13855305601066,190.91048305248486,39827000
2020-07-27,194.17776489257812,194.2920665013878,191.32962868313254,191.91068608590263,30160900
2020-07-28,192.43458557128906,194.98741830562813,192.16787213739667,193.9491399712048,23251400
2020-07-29,194.37777709960938,194.93977934418533,192.42504240875613,192.8917981652364,19632600
2020-07-30,194.22540283203125,194.75884431463618,190.10086427671118,191.4630070516711,25079600
2020-07-31,195.28269958496094,195.3684403198741,189.56738702018401,194.70164222615028,51044000
2020-08-03,206.26564025878906,207.3134534584986,200.45508074936077,201.48383883595034,78983000
2020-08-04,203.16981506347656,204.57960252584857,200.3312140980677,204.0080654968015,49280100
2020-08-05,202.83645629882812,204.79871139406026,201.53146450991576,204.70345036554147,28806400
2020-08-06,206.0846405029297,206.10368107875757,201.51238778544572,202.26489750478686,32656800
2020-08-07,202.39828491210938,205.46550412139865,200.92182611319922,204.65584348217192,27820400
2020-08-10,198.3690185546875,201.8267880910728,196.55917497963108,201.62674571066594,36716500
2020-08-11,193.73008728027344,197.79747504919945,193.50146950063865,197.33073373445393,36446500
2020-08-12,199.26438903808594,200.30266740602258,195.03505511443325,195.54942688645932,28013100
2020-08-13,198.797607421875,201.32187904342692,198.27370089402152,199.50250116251334,22588900
2020-08-14,198.9881591796875,199.64542255765082,197.66411213378817,198.8548024461003,17958900
2020-08-17,200.3026580810547,201.1694839962256,199.00718662001864,199.65492961793257,20184800
2020-08-18,201.4552764892578,202.28399227877523,199.28345856619634,200.54081995254023,21336200
2020-08-19,200.2330322265625,202.5246923005992,199.8033505157827,201.94223033756498,27627600
2020-08-20,204.8927764892578,205.29381381902428,199.47875068251517,200.08029939219975,26981500
2020-08-21,203.40316772460938,206.487344560312,203.24084416167003,204.20524223675469,36249300
2020-08-24,204.04290771484375,205.79029360312026,202.83978144131711,205.09323916626136,25460100
2020-08-25,206.69744873046875,206.83112783843276,203.47959226523687,203.47959226523687,23043700
2020-08-26,211.1660919189453,212.06365758670174,207.54719934503768,208.04372782356944,39600800
2020-08-27,216.3509979248047,220.71467669554357,209.49513302411248,212.82758145339662,57602200
2020-08-28,218.57577514648438,220.22766956393025,216.3509621275337,217.87872078167098,26292900
2020-08-31,215.348388671875,218.37527645385566,214.1834647217213,216.75202630738926,28774200
2020-09-01,217.0098876953125,217.18175459205634,214.2980885750468,215.32933366530048,25725500
2020-09-02,221.19212341308594,222.34750420927097,217.08625915391343,217.678264507204,34080800
2020-09-03,207.48992919921875,218.9577288996764,205.2555726982678,218.91954112244858,58400300
2020-09-04,204.57763671875,208.50209044933735,195.92665473875113,205.38926911013266,59664100
2020-09-08,193.51087951660156,200.54815481211494,193.07163989272198,197.17751849448624,52924300
2020-09-09,201.75128173828125,205.14101948557266,197.3685013238326,198.2278794601493,45679000
2020-09-10,196.09852600097656,205.0455254022006,194.89541419577412,203.7660088945279,35461500
2020-09-11,194.8189697265625,199.21130641814977,192.15493198309133,197.84585685592558,33620100
2020-09-14,196.13671875,199.75561186121092,194.81901452553066,195.019540434878,30375800
2020-09-15,199.35458374023438,200.3094385390936,197.58809653437365,199.01083542984793,21823900
2020-09-16,195.79298400878906,201.14016226576354,195.4014900352988,201.11151778672067,26328100
2020-09-17,193.74961853027344,195.10551079079,190.93279938349954,191.0187328309429,34011300
2020-09-18,191.34332275390625,194.45614366811049,187.3902250852239,193.64452595746747,55225300
2020-09-21,193.39627075195312,193.55860887771348,187.5143766837805,188.28780668448618,39839700
2020-09-22,198.05596923828125,198.7052780405181,192.95704840245924,195.80251145980125,33517100
2020-09-23,191.53431701660156,198.70528574638803,190.99960067045066,198.51430313425325,30803800
2020-09-24,194.01693725585938,196.2894962029977,190.20706159211466,190.82772591604362,31202500
2020-09-25,198.43792724609375,199.60283667261433,193.39628060658876,194.3606932585249,29437300
2020-09-28,199.98477172851562,202.973471617275,198.6670675733569,201.35976483478098,32004900
2020-09-29,197.9031982421875,200.5863524369217,197.47351650129846,199.89885582352807,24221900
2020-09-30,200.83460998535156,202.41011456289073,197.21570216747432,198.35198170021263,33829100
2020-10-01,202.86843872070312,204.32936526589785,201.77990493075555,203.85193790943092,27158400
2020-10-02,196.8815155029297,201.4648215025371,196.26085113479485,198.6098003769444,33154800
2020-10-05,200.8823699951172,200.9110144753066,197.6358547310032,197.86502514244748,21331600
2020-10-06,196.6141815185547,200.69140156656152,195.57339314489093,199.3928128529531,28554300
2020-10-07,200.35719299316406,200.62455118299337,197.38759385548323,197.7122410045719,25681100
2020-10-08,201.07333374023438,201.6557957748077,198.91536704931994,201.00648690794026,19925800
2020-10-09,206.06719970703125,206.1149453581554,201.69396323673163,201.69396323673163,26458000
2020-10-12,211.40481567382812,213.7537645457266,207.02203628581694,208.91264443105055,40461400
2020-10-13,212.79893493652344,215.04284947727942,210.47863026566432,212.66525585132484,28950800
2020-10-14,210.8892059326172,214.09751825124414,209.23731141011743,212.93259437204514,23421700
2020-10-15,209.743408203125,210.41180364703087,206.25817945216272,207.29898225402468,22733100
2020-10-16,209.743408203125,212.25466641165193,209.41876106893184,210.21127772889514,26057900
2020-10-19,204.54898071289062,212.26420865277728,204.0715533495555,210.46907710426066,27625800
2020-10-20,204.95957946777344,207.5567857207398,203.4700082929691,206.05767124299427,22753500
2020-10-21,205.10281372070312,207.12710123202376,203.49865008216514,203.49865008216514,22724900
2020-10-22,205.18870544433594,206.30588358356997,202.14271692381126,204.2720386129535,22351500
2020-10-23,206.46823120117188,206.51597685096647,203.53683479884484,205.32240845573483,18879600
2020-10-26,200.5958709716797,206.57325596516677,198.70526280324816,204.19567715984522,37111600
2020-10-27,203.622802734375,204.97869491274932,200.83462823899453,202.0377401401052,36700300
2020-10-28,193.52993774414062,199.41184601487325,192.97613485643993,198.29466779808226,51195600
2020-10-29,195.47787475585938,197.9986908313189,194.18881495491607,194.8572249672143,31432600
2020-10-30,193.32943725585938,195.06726527827394,190.60809546277156,194.3129364566058,36953700
2020-11-02,193.19573974609375,196.01255800095768,191.08550459527356,195.06724666861146,30842200
2020-11-03,197.11068725585938,198.72439434547238,193.95011991226437,194.6853622545586,27512000
2020-11-04,206.62106323242188,208.46394087285225,202.830287893592,204.358061650324,42311800
2020-11-05,213.20948791503906,214.00201902117308,211.16609955136636,212.01591960518525,36080100
2020-11-06,213.6201171875,214.2312236771775,208.18699104009195,212.22602276764897,25231900
2020-11-09,208.53073120117188,217.8214639696989,208.04376051699998,214.30760543386708,44395000
2020-11-10,201.48388671875,206.72604431159402,200.25213055602137,204.81633489532064,44045100
2020-11-11,206.7738037109375,208.19652799591586,202.62017962636645,202.80160436416497,29440800
2020-11-12,205.7139129638672,209.21822820406635,204.77815937346904,207.40400997799867,21593900
2020-11-13,206.735595703125,207.60451701831292,204.4916957931553,206.5923733192708,18621100
2020-11-16,207.423095703125,207.91008095610752,204.83544745934216,205.1696378838174,24953300
2020-11-17,204.77816772460938,207.85278678987626,204.41531823662734,206.3441290207393,24154100
2020-11-18,202.07843017578125,205.9940073608106,201.93481820711207,204.53882413845477,28372800
2020-11-19,203.36131286621094,203.94529990151645,200.97749406149,202.36567026258092,24792700
2020-11-20,201.41783142089844,204.1941538861214,201.04446371546402,203.15064088991645,22843100
2020-11-23,201.14981079101562,203.23683717236528,199.28297191593805,201.9539852898068,25683500
2020-11-24,204.73985290527344,205.11322061050996,199.95307996220436,200.65194472163236,33979700
2020-11-25,204.74945068359375,206.10889264226566,203.39959162135418,205.93657580336972,21012900
2020-11-27,206.0514373779297,207.04709439516884,204.91218300631596,205.68765254415658,14512200
2020-11-30,204.94090270996094,205.60146510182233,201.84863688732,204.96962217882137,33064800
2020-12-01,206.9896697998047,208.05233412004736,204.25163472473366,205.36215509436963,30904500
2020-12-02,206.18544006347656,206.2811813595247,203.72504652220385,205.71634569382474,23724500
2020-12-03,205.1036834716797,207.15242201812288,204.5388330764818,205.4579000486771,25120900
2020-12-04,205.218505859375,206.19501151420144,204.08881998260125,205.0844768171886,24666000
2020-12-07,205.1515350341797,206.34822842550528,203.90698559365995,205.22812516419336,24620000
2020-12-08,206.79815673828125,207.69807237716685,203.81121513523243,204.84515983045816,23284100
2020-12-09,202.7677001953125,206.05141934797453,202.20286450676673,205.98441212448722,32440600
2020-12-10,201.54229736328125,203.99312283702398,201.3891171191543,202.7389906303878,26733300
2020-12-11,204.1654052734375,204.2228588113638,200.1923901389423,201.09230566154903,30979400
2020-12-14,205.06539916992188,206.9896917039826,203.80169840589303,204.01231763457704,28798400
2020-12-15,204.9983367919922,206.23331774795298,203.1889372562856,205.99397910773743,27000600
2020-12-16,209.9287109375,210.72331699112576,205.56317639407263,205.59189586280007,35023300
2020-12-17,210.06272888183594,211.47004120731856,208.62669708914518,210.493535498029,32515800
2020-12-18,209.26815795898438,210.32125396009562,206.80776400449466,209.26815795898438,63354900
2020-12-21,213.0975799560547,214.44745359399022,208.01402881752463,208.27251867774226,37181900
2020-12-22,214.38999938964844,216.00793106077268,212.3891317075916,213.19330609539352,22612200
2020-12-23,211.59454345703125,214.0262180085377,211.38392425082907,213.59541130787824,18699600
2020-12-24,213.250732421875,214.0740579439434,211.76682990316124,211.97744907913722,10550600
2020-12-28,215.36648559570312,216.3908473661043,213.50921543485993,214.87822542694408,17933500
2020-12-29,214.59103393554688,217.4918172885593,214.0453493940068,216.65892343712179,17403200
2020-12-30,212.2263641357422,216.00792655313228,212.02532784702316,215.62497594211862,20272300
2020-12-31,212.93479919433594,213.49006659135375,210.31164244457688,212.2455027434222,20942100
2021-01-04,208.4065399169922,213.4900908644091,205.64935379985505,213.04013300201316,37130100
2021-01-05,208.6075439453125,209.20111368086066,206.50136692413275,207.9948376371862,23823000
2021-01-06,203.19851684570312,207.2577056684526,202.9017392526193,203.12192672360536,35930700
2021-01-07,208.98095703125,209.98618241670528,204.5962852345555,204.91219943951467,27694500
2021-01-08,210.25421142578125,211.17327826429883,207.77466653129983,209.35429576941888,22956200
2021-01-11,208.21507263183594,209.5745145115379,207.4874737327891,209.1532761190525,23031300
2021-01-12,205.76422119140625,207.84169356915027,204.22289427900293,207.26727495468438,23249300
2021-01-13,207.11412048339844,207.51620772033212,204.80689205921024,204.89306508775417,20087100
2021-01-14,203.93569946289062,208.1863566093762,203.66764131924498,206.70245392329073,29480800
2021-01-15,203.58148193359375,205.3621623545727,202.9879266626255,204.41439050035876,31746500
2021-01-19,207.2098388671875,207.7268039408653,203.5623200569144,204.63455257006677,30480900
2021-01-20,214.77291870117188,216.1610798929583,208.02356612474742,208.4160850006806,37777300
2021-01-21,215.37606811523438,216.64935150148284,212.93481093432405,215.11757827987228,30709400
2021-01-22,216.3142547607422,220.25856538753118,216.1706574233892,217.39607006237097,30172700
2021-01-25,219.74160766601562,219.98094632418085,214.6580569038777,219.34908876068727,33152100
2021-01-26,222.42222595214844,224.1933234360386,220.26817781179568,221.97226806085106,49169600
2021-01-27,222.96788024902344,230.18634210552298,220.32558681486526,227.85039454682703,69870600
2021-01-28,228.74072265625,232.29251457356312,225.064484577097,225.56231304867134,49111200
2021-01-29,222.06797790527344,227.86954440379412,221.48399101899585,225.92611574790212,42503100
2021-02-01,229.43003845214844,232.15850507669126,222.51793663750792,225.0357840681807,33314200
2021-02-02,229.2959747314453,231.97657029626004,228.5109516249904,231.0096474945824,25916300
2021-02-03,232.63720703125,234.6380749767332,229.05669496453717,229.35348721136774,27158100
2021-02-04,231.6893768310547,232.86693348320225,230.11931590292957,232.31166607339227,25296100
2021-02-05,231.871337890625,232.9052828643918,230.16724745462287,231.9000573670011,18054800
2021-02-08,232.12979125976562,233.2881822461942,230.54057897933532,232.78078543262248,22211900
2021-02-09,233.3743133544922,234.3220849716953,231.08623665637043,231.55533101783197,23565000
2021-02-10,232.46484375,235.43263415280472,230.61714183329966,234.55186970118112,22186700
2021-02-11,234.0636444091797,234.69548737812784,231.82342341865782,234.34127083104315,15751100
2021-02-12,234.54229736328125,234.8390749376285,232.37866672281444,233.52748926560795,16561100
2021-02-16,233.30728149414062,235.63366045320234,232.56054617594057,234.58056469262792,26728500
2021-02-17,234.32444763183594,234.429999771811,231.1962886570467,231.56092598454555,21653500
2021-02-18,233.93104553222656,234.06538330037233,231.1195427268476,232.02153115942008,16925600
2021-02-19,231.22511291503906,233.99823999231293,230.46705251715534,233.89268783469822,25262600
2021-02-22,225.02633666992188,228.3080290387014,223.00166514699936,227.81865886991,36446900
2021-02-23,223.83645629882812,225.33336682720707,219.48004782088785,221.01534892993712,30228700
2021-02-24,225.064697265625,225.68840512166148,219.7391387901833,220.7082886727813,26339700
2021-02-25,219.72955322265625,225.10307807896038,218.66444150450877,222.69458880716616,39542200
2021-02-26,222.9824676513672,225.8515415247869,220.2573072215553,222.166836123275,37819200
2021-03-01,227.35806274414062,227.86662818043706,223.72132352037755,226.36011252225157,25324000
2021-03-02,224.4121856689453,227.70348251561026,224.00917241783225,227.42520204873816,22812500
2021-03-03,218.3573455810547,224.13389755602432,218.0694748183949,222.7713248972642,34029500
2021-03-04,217.5609588623047,223.0880319063651,215.19084531714768,217.5705638296597,44727800
2021-03-05,222.23402404785156,223.83648692978852,217.30188796036578,220.23813818964663,41872800
2021-03-08,218.19427490234375,223.9324376851917,217.9447946567308,222.01331832648629,35267400
2021-03-09,224.32583618164062,225.86113735770795,222.30116489353895,223.46223842117595,33080500
2021-03-10,223.02085876464844,227.41564385006524,222.65622140139538,227.41564385006524,29746800
2021-03-11,227.5403594970703,229.49785452570518,224.8343945532657,225.45811704228768,29907600
2021-03-12,226.2161865234375,226.283362726676,223.79809211606153,224.54654746853438,22653700
2021-03-15,225.31419372558594,225.67883106928048,222.4355148439166,225.4581364547002,26034900
2021-03-16,228.09695434570312,230.35191097051037,226.3985294905257,226.72477629112797,28092200
2021-03-17,227.4539794921875,228.90292372097375,223.79806010683893,226.5999721151421,29562100
2021-03-18,221.38958740234375,224.71926031527957,221.01535975192502,223.15517351500054,34833000
2021-03-19,221.03451538085938,223.06877663947097,220.07495597333093,221.67741842689767,46430700
2021-03-22,226.44647216796875,227.3196602642825,220.83304272830307,220.95779015994103,30127000
2021-03-23,227.97216796875,231.30184090014612,227.48279785140227,227.88581112010934,31638400
2021-03-24,225.9379119873047,228.3751869519147,225.80357422770754,228.23125886724554,25620100
2021-03-25,222.9440460205078,227.35802548423027,222.20519576310443,225.78434852304252,34061900
2021-03-26,226.91665649414062,227.13736575038837,222.18603456103727,222.18603456103727,25479900
2021-03-29,225.72679138183594,227.22370192103884,222.50267074289255,227.02218797535386,25227500
2021-03-30,222.47390747070312,224.3930267427671,221.7542377436791,224.08596063121217,24792000
2021-03-31,226.23536682128906,229.4307019873928,222.9920507477263,223.49102583020917,43623500
2021-04-01,232.54930114746094,233.01947603379585,228.42319147370623,228.82620479415866,30338000
2021-04-05,238.99752807617188,239.85153557551078,232.88512317429942,232.94269441038907,36910600
2021-04-06,237.83644104003906,239.31415636924692,236.89607673963405,237.59655114205796,22931900
2021-04-07,239.79393005371094,240.7822752368662,237.1935318252326,237.7884540717137,22719800
2021-04-08,243.0084686279297,243.8624760860077,241.8090191282854,242.54788411974718,23625200
2021-04-09,245.50332641601562,245.63766417265026,242.2312247073296,242.64382830209405,24326800
2021-04-12,245.56088256835938,247.2497167100151,244.32304257664887,244.40941406195913,27148700
2021-04-13,248.03652954101562,248.70823291456193,246.44365723287845,246.85629007953642,23837500
2021-04-14,245.25381469726562,248.36277817763542,244.84121113085754,247.06739624976979,23070900
2021-04-15,249.00570678710938,249.41831037148776,247.30729690134913,247.4991912440341,25627500
2021-04-16,250.1956024169922,250.44509732525836,247.1825999983989,248.9769720639996,24878600
2021-04-19,248.27645874023438,250.90567213918928,247.39368024577658,249.66783197003826,23209300
2021-04-20,247.8158416748047,249.6773894161858,246.4532543230003,247.39363315922765,19722900
2021-04-21,250.04202270507812,250.1379845198546,246.84670218540677,248.4683602197952,24030400
2021-04-22,246.7699432373047,251.19349872251507,245.30180365019515,249.6869831956242,25606200
2021-04-23,250.5889434814453,250.93440010941012,246.86584814539017,247.45119463486952,21462600
2021-04-26,250.97286987304688,251.82689220519174,249.6487018632657,251.0784366851228,19763300
2021-04-27,251.37586975097656,252.5465338213757,249.60067835062966,251.0016273911271,31014200
2021-04-28,244.26547241210938,246.1654108297521,242.72058097809375,245.7239923604383,46903100
2021-04-29,242.29835510253906,245.7431847076935,238.93030665326364,245.1290672361007,40589000
2021-04-30,241.98175048828125,242.84536297608295,239.5060994250514,239.64043719314697,30945100
2021-05-03,241.6746826171875,244.06399130382755,240.96460323871534,243.1523979660195,19626600
2021-05-04,237.76925659179688,241.05096316703924,235.8213518591053,240.82066360194878,32756100
2021-05-05,236.50267028808594,239.41013488306382,235.87896236652082,238.9879262904949,21901300
2021-05-06,239.63079833984375,239.7555457646202,234.79462473056245,236.4834442394811,26491100
2021-05-07,242.2504119873047,244.0159980566037,241.0125719605132,241.95293622585686,27032900
2021-05-10,237.18389892578125,241.54989737192435,237.12632770118802,240.72467565541882,29299900
2021-05-11,236.2723388671875,236.62738584949687,232.76036211665323,234.66028588552803,33641600
2021-05-12,229.334716796875,234.497151508865,228.4423335043082,232.37651860575235,36684400
2021-05-13,233.20175170898438,235.66782673232748,231.65686027799902,232.02149758522427,29624300
2021-05-14,238.1147003173828,239.10304549849073,235.5622830009087,235.6486398477899,23901100
2021-05-17,235.2648162841797,236.6177988375516,233.67195847192968,236.57942289581203,24970200
2021-05-18,233.2497100830078,236.4450447704299,233.07698177037457,236.31070703469962,20168000
2021-05-19,233.8268280029297,233.93262388279754,229.47961380869796,230.16246611695865,25739800
2021-05-20,237.0583953857422,238.4722063912413,234.53854854557304,234.63473195533908,21800700
2021-05-21,235.79844665527344,238.83766010110827,235.38489032383154,238.10671616214,21863100
2021-05-24,241.1940155029297,241.55949482361876,238.04900607225056,238.31830198996036,21411500
2021-05-25,242.09812927246094,243.0887568603023,241.23253719539568,242.14622098241554,17704300
2021-05-26,241.8768768310547,243.27144808873797,241.16515782189026,241.81915798529013,17771600
2021-05-27,239.78021240234375,241.86726317029425,239.72250822888856,241.56911515709095,24426200
2021-05-28,240.1360626220703,242.44433227006198,240.02065427610526,241.4056131297948,18270200
2021-06-01,237.94322204589844,241.68452766984606,237.52005320809064,241.62682349539628,23213300
2021-06-02,237.84703063964844,239.74172912294227,236.4428322679461,238.64530588633542,19406700
2021-06-03,236.31784057617188,236.92374910031265,233.71142277848813,235.84656534581532,25307700
2021-06-04,241.20362854003906,242.0307559108141,238.04900663185686,238.28945046434345,25281100
2021-06-07,244.10821533203125,244.3775112737466,240.26111367835148,240.4246137375695,23079200
2021-06-08,242.91558837890625,246.22409767473246,242.85786953493397,245.40658282034158,22455000
2021-06-09,243.89659118652344,245.76243758892673,243.53112655730328,244.10818292342645,17937600
2021-06-10,247.4070587158203,247.61865044725548,243.97352866576068,244.56982463133653,24563600
2021-06-11,248.0323028564453,248.6093446874002,246.80120201424933,248.12845692756474,18999700
2021-06-14,249.955810546875,250.01351471996307,246.98389887756707,248.04185763593912,19150500
2021-06-15,248.48428344726562,250.0519820781897,247.83028320585453,249.8403903117265,18038900
2021-06-16,247.54171752929688,250.6193807060856,244.69485634370264,249.48449295997696,27220000
2021-06-17,250.92721557617188,251.74473060019503,246.22414876561822,246.2818529460379,27565500
2021-06-18,249.51333618164062,252.27362634365522,248.85933608179366,249.70570296444276,37202200
2021-06-21,252.59104919433594,253.44701394017824,248.06109579519787,249.8884629766057,26696100
2021-06-22,255.3609619140625,255.6302578162363,252.36982555497457,252.67760068633095,24694100
2021-06-23,255.1302490234375,256.63061688291464,254.32236089533956,255.82272875481675,19518700
2021-06-24,256.4958801269531,257.61154309721616,255.32251298159505,255.98614034624336,21446900
2021-06-25,254.8897247314453,257.03449459793245,254.63968306773089,256.0534941839957,25611100
2021-06-28,258.4482727050781,258.6213852234761,255.74568632511017,256.0149822485252,19590000
2021-06-29,261.0258483886719,261.2662922485271,257.7365928224437,258.5925577009788,19937800
2021-06-30,260.5449523925781,260.98736086236244,259.29465610147,260.34298777501124,21656500
2021-07-01,261.21820068359375,261.4490173838746,259.29464991177207,259.3042477069135,16725300
2021-07-02,267.0369567871094,267.3735840761219,262.0838189235368,262.391594122123,26458000
2021-07-06,267.0465393066406,268.69116688821424,263.8149589636492,267.4023914794495,31565600
2021-07-07,269.2297668457031,269.960725504487,266.5560325451121,268.7200270839339,23260000
2021-07-08,266.8157043457031,268.07562758256216,264.36315983308367,266.3155624280756,24618600
2021-07-09,267.3158264160156,267.4216076093967,264.79597985271084,265.18068409845046,23916700
2021-07-12,266.7195739746094,269.075906208845,266.00784018519494,268.48923727475227,18931700
2021-07-13,270.2395935058594,272.03810834879346,266.7868242229715,266.91183033818885,26120100
2021-07-14,271.7111511230469,272.8171868548692,269.82605039030216,271.557263551942,23113700
2021-07-15,270.2877197265625,271.7111577808716,269.1335775905223,271.22064297039645,22604200
2021-07-16,270.0184020996094,273.2403550652202,268.77770380577266,271.28795247697474,26186800
2021-07-19,266.42138671875,269.65293765611636,263.9592442852176,268.2679788683728,32935600
2021-07-20,268.64312744140625,270.2300510737556,265.7000968938325,267.4024288847443,26259700
2021-07-21,270.6435546875,270.75896302355244,266.69067242244347,268.23911651623393,24364300
2021-07-22,275.20245361328125,275.4717495772376,272.5864230986805,272.9903523690856,23384100
2021-07-23,278.59747314453125,278.90521894376,275.5486324297109,276.3853722718105,22768100
2021-07-26,278.001220703125,278.6167711651473,275.68336737555,277.9531436643689,23176100
2021-07-27,275.58709716796875,278.51087288872895,272.1343274321578,278.3666124668251,33604100
2021-07-28,275.2793273925781,279.0590972753007,272.98067033830415,277.943434405772,33566900
2021-07-29,275.5486145019531,277.5875733755724,275.1446559746078,275.2985435397369,18168300
2021-07-30,274.0194091796875,275.70251598499704,273.05763386236777,274.26948015452774,20944800
2021-08-02,273.93280029296875,275.808244190784,272.89406671324383,275.41391286431883,16267400
2021-08-03,276.1449890136719,276.250799585878,273.14425401781483,274.50998820237044,17879000
2021-08-04,275.5582580566406,276.59696249430243,273.76934068765456,275.27933499379344,16191300
2021-08-05,278.4531555175781,278.55896605599236,275.1639006499143,275.9140841592982,13900200
2021-08-06,278.3955078125,278.4339870480046,276.6258445430264,277.4818387644274,16589300
2021-08-09,277.3086853027344,280.40560323278316,276.808572666281,278.67441927108996,16117600
2021-08-10,275.4909362792969,278.1935226909762,274.2983442260447,277.7607120388484,18616600
2021-08-11,275.9814147949219,277.6260422247308,274.93305396223553,276.23145639673766,13955900
2021-08-12,278.7320556640625,278.88594321117694,275.3946946980805,275.6736177116659,14561300
2021-08-13,281.6559143066406,281.70399133323906,278.24159423758465,278.41473610565794,18249000
2021-08-16,283.3390197753906,283.55061152329273,278.93407230117066,281.98291302988906,22507600
2021-08-17,281.8770751953125,282.21370240044297,279.953524710054,281.21347728086533,20075300
2021-08-18,280.1522521972656,284.09344038644264,279.7089674078397,281.4145875343293,21813000
2021-08-19,285.9725036621094,286.64704708243323,278.13832497152845,278.1864940413031,29850500
2021-08-20,293.28631591796875,294.7124789833826,287.21554348054167,288.8151504653693,40817600
2021-08-23,293.56573486328125,294.2884471743219,290.86762066495834,292.21667776411977,22830200
2021-08-24,291.6096496582031,294.5294067686128,291.0122120736746,293.92232360780326,18175800
2021-08-25,291.0218505859375,293.50796840478165,289.4897037639269,293.228511364618,20006100
2021-08-26,288.20806884765625,291.426544578333,288.0731778231543,290.03893440127865,17666100
2021-08-27,288.8151550292969,289.9233081860537,286.0302890699818,288.1117043575675,22605700
2021-08-30,292.5442810058594,293.15136400495606,290.1063328429978,290.164147470794,16348100
2021-08-31,290.8965759277344,293.4212466452703,290.5303969246272,293.34417025857385,26285300
2021-09-01,290.8483581542969,294.08612491832895,290.5207320699009,291.8505275583118,18983800
2021-09-02,290.193115234375,292.3226995544428,289.2584060139798,291.20493024605145,16285600
2021-09-03,290.1835021972656,291.59037412727884,289.33551492747904,290.03893618886394,14747900
2021-09-07,289.25836181640625,290.1352562629758,287.35042017874457,290.05817989071454,17180400
2021-09-08,289.2872619628906,289.6727026291222,286.64696252160434,288.87291398187256,15046800
2021-09-09,286.4349670410156,291.14706522320324,286.19406294762535,289.8750845523656,19927000
2021-09-10,284.9510498046875,289.00789676784274,284.63306927340466,287.56247190206864,19633400
2021-09-13,286.18450927734375,287.67813278036044,283.3803812009098,286.7241322672505,23652900
2021-09-14,288.8825378417969,290.42432979807114,287.25402394768184,288.6608955069357,21853400
2021-09-15,293.7296447753906,294.2114531175559,290.83879472239886,292.2264051004147,28356300
2021-09-16,294.1150817871094,294.20180375871473,289.81735966426726,292.70820968009997,19550800
2021-09-17,288.9596862792969,293.4212355512948,288.6320601855472,293.103255033234,41372500
2021-09-20,283.5923156738281,287.8515134151559,278.98623011838976,285.5484559338163,38278700
2021-09-21,284.0741271972656,286.7144563554884,283.37070598587525,284.93175998192237,22364100
2021-09-22,287.7165832519531,289.29692832647936,283.79468669698116,285.9339163666204,26626300
2021-09-23,288.6609802246094,289.9522229123692,286.70483974436394,287.9768206871402,18604600
2021-09-24,288.45867919921875,288.8922890911744,286.1267137314538,287.3794331473521,14999000
2021-09-27,283.467041015625,285.683346907745,282.2817822917721,285.3653664442536,23571700
2021-09-28,273.20458984375,280.2004563333736,272.4626155886146,279.25610140272624,43186200
2021-09-29,273.6671447753906,276.3363524670483,272.713173645824,274.7271290344914,26353700
2021-09-30,271.6628112792969,277.3577596425143,271.3737086480666,275.3148971070343,32343600
2021-10-01,278.58154296875,279.42953021502547,271.05570026891905,271.8554890446492,30086300
2021-10-04,272.8094177246094,277.2806118186714,270.05348900845405,276.94334020608034,31350700
2021-10-05,278.25390625,279.83422199721866,273.7152514221425,273.7152514221425,24993000
2021-10-06,282.4456481933594,282.9467476472076,275.12218554145016,275.382351437471,28002600
2021-10-07,284.1222839355469,285.8471654194184,283.22612779643686,284.4402643887922,20430500
2021-10-08,284.1222839355469,285.8471654194184,283.0719456530571,285.44243361714194,17685700
2021-10-11,283.52496337890625,287.1288805683323,282.0988000202047,282.2626278048373,19298600
2021-10-12,282.2239990234375,284.69085485665033,281.71328346594987,284.5944873273196,17974100
2021-10-13,285.52923583984375,286.4639451294158,282.81182993730505,284.1801784650092,23416300
2021-10-14,291.7349548339844,292.23602492950124,286.99394774852544,288.323743494712,27262900
2021-10-15,293.1418151855469,293.37310318030734,289.5860673662888,291.3398567409262,25384800
2021-10-18,296.1097412109375,296.996251978843,291.6770991496789,292.5250864283667,22729300
2021-10-19,297.0155334472656,298.046580784232,296.04227134224186,297.1311627256362,17682100
2021-10-20,296.2253723144531,298.4320624863461,294.9726531333277,297.95987037171125,16537100
2021-10-21,299.4534606933594,299.70398097618084,295.21352474111114,295.9940811288246,16918100
2021-10-22,297.91168212890625,299.7714549252828,296.6011483907177,299.10655718444485,17449300
2021-10-25,296.919189453125,298.1429719558944,295.3099367822359,298.1044190576334,17554500
2021-10-26,298.82708740234375,301.03377733794736,297.3720465392761,299.68472017039693,28107300
2021-10-27,311.4119567871094,314.2353460702273,304.50281355306396,304.50281355306396,52588700
2021-10-28,312.54901123046875,313.05008121355974,309.6677779577822,312.5297200802306,26297900
2021-10-29,319.55450439453125,319.9206833758431,312.115383713237,312.33702609856846,34766000
2021-11-01,317.3863220214844,319.429184039648,314.4954728847083,319.3039092052296,27073200
2021-11-02,321.0095520019531,321.31791632302634,317.99342781479373,318.29214656107087,26487100
2021-11-03,321.847900390625,322.7151493305887,318.6197793405882,321.75153286235326,21500100
2021-11-04,324.19915771484375,324.29552525226745,317.52130201351525,320.778330690629,23992200
2021-11-05,323.8329772949219,326.4636610780947,322.2526614356384,326.1938496188393,22570100
2021-11-08,324.7291564941406,325.3651469944245,322.27194586748317,325.0278752948011,20897000
2021-11-09,323.72698974609375,326.39619698658385,322.3586413143152,324.8447590588509,21307400
2021-11-10,318.764404296875,322.45507286139434,317.91644627184024,322.39725820985217,25500900
2021-11-11,320.3350830078125,321.6263258185868,318.48495546682875,319.198022393328,16849800
2021-11-12,324.468994140625,324.96044803422893,321.6456044610585,321.7708793286239,23831000
2021-11-15,323.84259033203125,325.5867337696935,321.87680452226203,325.25910770260543,16723000
2021-11-16,327.1574401855469,328.27523883002146,323.3029742696654,323.4667726030353,20886800
2021-11-17,327.3795471191406,330.3432697598769,326.2983266086432,327.2057858501784,19053400
2021-11-18,329.4551086425781,330.5942790410435,325.44878891319365,326.472089004235,22463500
2021-11-19,331.2314147949219,333.1525404318377,330.35294519346263,330.7777146184354,21963400
2021-11-22,328.0649108886719,337.56427133664994,327.79460580022015,332.6890870606931,31031100
2021-11-23,325.9892883300781,327.6980286162595,322.0119301646363,325.3810946323552,30427600
2021-11-24,326.2113952636719,326.45274014228477,322.34987720586537,324.63782194134853,21661300
2021-11-26,318.2663269042969,326.230708290166,316.76033714457986,322.77466242134005,24217200
2021-11-29,324.9757385253906,327.2926436665053,323.1511569453452,323.3442446492078,28563500
2021-11-30,319.1448669433594,326.0859492444091,317.6002535531431,323.71112346531845,42885600
2021-12-01,318.6524658203125,327.5339693788618,317.9863810414146,323.5276501773053,33337600
2021-12-02,318.0828857421875,321.94440378728416,316.4513920112506,318.864840789436,30766000
2021-12-03,311.8272399902344,321.1817696501505,307.01963950096615,320.49632899700646,41779300
2021-12-06,314.89715576171875,316.11354341449044,308.1781223856923,312.73471501105405,30032600
2021-12-07,323.3248291015625,324.174338088324,318.67169407860104,320.1583863622476,31021900
2021-12-08,323.3731994628906,323.8848494624371,319.3475536468009,323.70142498514247,24761000
2021-12-09,321.56787109375,324.8404918083329,320.6217887138413,322.83251569998305,22214200
2021-12-10,330.68109130859375,331.1251576149035,323.1994004295398,323.38282488539363,38095700
2021-12-13,327.6498107910156,331.88784112335867,327.3408822668036,328.8854954268182,28899400
2021-12-14,316.97265625,323.05456390849514,312.8890909419122,321.683712251311,44438700
2021-12-15,323.06427001953125,323.5855832409606,313.2656731909751,317.2333691168989,35381100
2021-12-16,313.6518249511719,325.10124228323565,311.83690659632845,324.08757603047445,35034800
2021-12-17,312.5898742675781,313.67112406852533,306.2666502470529,309.7709825901244,47750300
2021-12-20,308.8345642089844,311.6244956878622,306.5755796789902,308.96970202135424,28326500
2021-12-21,315.95904541015625,316.38381472096694,308.7283333654757,312.09752764718075,24740600
2021-12-22,321.6644287109375,322.06020834026276,314.47234037759364,316.93404606965555,24831500
2021-12-23,323.10284423828125,324.74400105600773,321.2107088019103,321.23000578456225,19617800
2021-12-27,330.5942077636719,330.62316796902155,323.817225101408,323.8461853067577,19947000
2021-12-28,329.4357604980469,331.90712970709734,328.53796461701063,331.2699756899296,15661500
2021-12-29,330.1114807128906,332.3800986179056,327.9200507320242,329.4839605661863,15042000
2021-12-30,327.5726013183594,331.2506951069542,327.08991153548817,330.0729308583066,15994500
2021-12-31,324.67645263671875,327.6111852143737,324.222723076331,326.79063617756316,18000800
2022-01-03,323.1607360839844,326.2982189585862,318.36279955576714,323.7399695838111,28865100
2022-01-04,317.6194763183594,323.59517698244974,314.82951579453515,323.2379618678629,32674300
2022-01-05,305.4267883300781,314.78131857507753,305.0406424002805,314.57856765657084,40054300
2022-01-06,303.0132751464844,307.6664106849742,300.7060043582687,302.3085376148828,39646100
2022-01-07,303.1678161621094,305.54264171592666,299.35455497870817,303.2739937762214,32720000
2022-01-10,303.3898010253906,303.82423357931884,294.1414784951119,298.77528825214137,44289500
2022-01-11,304.0752258300781,305.64876956592934,299.1614480285225,302.53061283786786,29386800
2022-01-12,307.2513122558594,312.21337685592107,306.1025083336208,308.602867078053,34372200
2022-01-13,294.2476501464844,309.7709684945666,293.4753583562799,309.37515937724777,45366000
2022-01-14,299.46075439453125,300.05928501415605,293.2340443836935,293.71673416868725,39846400
2022-01-18,292.1720275878906,299.074483415104,291.2935289246399,293.5428791020165,42333200
2022-01-19,292.82855224609375,303.04228390568943,292.2203879053098,295.6860967924291,45933900
2022-01-20,291.1584167480469,300.8604673943379,290.71435049782207,298.3698016436407,35380700
2022-01-21,285.78131103515625,293.58156494621363,285.37583865558236,292.21074246408233,57984400
2022-01-24,286.1094970703125,286.82386842126607,266.49297997417904,282.08388134377833,85731500
2022-01-25,278.5022888183594,284.77725480885573,275.2972516566814,281.4273871708722,72848600
2022-01-26,286.437744140625,297.8195767322565,282.8851546395586,297.32722375809846,90428900
2022-01-27,289.45941162109375,296.6611350858043,287.6155330759337,292.18178912511314,53481300
2022-01-28,297.5878601074219,297.80024475160536,284.2559730920568,289.83586478628683,49743700
2022-01-31,300.2137145996094,301.5652399492526,295.76329997634053,298.25399547736595,46444500
2022-02-01,298.0705871582031,299.875842129487,294.5662548205134,299.66345745868625,40950400
2022-02-02,302.6077880859375,304.2103212643303,298.1863638408111,298.91039831810093,36636000
2022-02-03,290.8205261230469,300.45502254049995,289.57517852557834,298.7752424556932,43730000
2022-02-04,295.3481750488281,298.1091459827031,289.58485887080843,289.81654049853466,35096500
2022-02-07,290.5309753417969,297.1824248464775,289.5173091795903,295.57025756283554,28533300
2022-02-08,294.0159912109375,294.98137075377906,289.5656056597399,290.82058728101566,32421200
2022-02-09,300.435791015625,301.130865538338,296.74806316280615,299.1421858268908,31284700
2022-02-10,291.91143798828125,298.41808594638906,290.2896076096914,293.51397138416485,45386200
2022-02-11,284.8255615234375,293.755321446796,284.03394330282464,292.6933981582962,39175600
2022-02-14,284.7869567871094,286.48603416022104,281.26332745127445,283.59952937825824,36359500
2022-02-15,290.0675048828125,290.3860670729581,286.736934680652,289.62343867620336,27058300
2022-02-16,289.72894287109375,291.05424249393616,284.09881075240287,288.6358039056966,29982100
2022-02-17,281.2451171875,287.1170646088115,280.53892237568306,286.6914169855192,32461600
2022-02-18,278.5364990234375,284.2730302677064,276.9693549958802,283.48945825392775,34264000
2022-02-22,278.33331298828125,282.02869492098785,275.21836232867406,275.70205013593005,41736100
2022-02-23,271.1263732910156,282.18349983515145,270.9619359564501,280.71306989618563,37811200
2022-02-24,284.97918701171875,285.53059821327315,262.6618238516017,263.61954581271243,56989700
2022-02-25,287.6103515625,287.91991874751534,282.13500375559187,285.51116366838403,32546700
2022-02-28,289.0421447753906,289.3807321175086,283.44103215371325,284.7082917445892,34627500
2022-03-01,285.3274841308594,290.18369968046295,282.61881436647946,286.7301612299099,31217800
2022-03-02,290.3964538574219,291.634693317186,284.1181963061909,285.72401365770156,31873000
2022-03-03,286.2658386230469,293.24060936073806,284.45682121195006,293.0084486328815,27314500
2022-03-04,280.4034729003906,286.0142690066233,277.80125973691753,284.6889691786735,32356500
2022-03-07,269.81072998046875,280.2390376841762,269.4431225318955,279.1168784545169,43157200
2022-03-08,266.8505859375,274.695988493688,261.19143233256847,268.7369507911687,48159500
2022-03-09,279.0878601074219,280.1519791699358,271.6197193077244,274.192941941818,35204500
2022-03-10,276.2727966308594,277.2498554429739,271.42623538275626,273.7866342304661,30628000
2022-03-11,270.93292236328125,280.06495143344847,270.31378773793114,278.5655013687833,27209300
2022-03-14,267.4212951660156,276.0889716905132,266.8215270580334,271.19405384683813,30660700
2022-03-15,277.7819519042969,278.4301066725858,269.63666429329595,271.20380834794634,34245100
2022-03-16,284.78570556640625,284.95982608211176,273.96077067732267,279.67793426336954,37826300
2022-03-17,285.588623046875,285.9658841758017,279.92946993729333,283.7215952422282,30816600
2022-03-18,290.628662109375,291.1800733202025,283.17988724924487,285.7337436372442,43390600
2022-03-21,289.4001159667969,290.3481547741918,285.2790860660752,289.1389351574977,28351200
2022-03-22,294.1402282714844,295.04956371485423,289.02280298221535,290.01919868863627,27599700
2022-03-23,289.7193298339844,293.3373349131294,288.0070855267432,290.7060719110069,25715400
2022-03-24,294.17889404296875,294.2756374968961,288.58746486067383,289.3807198521377,24484500
2022-03-25,293.77264404296875,295.5332748935633,289.5258800923185,295.27209408375734,22566500
2022-03-28,300.5635986328125,300.66031257135194,294.4013915103594,294.4013915103594,29578200
2022-03-29,305.1199645996094,305.51659216822173,298.967439967182,303.66890108993795,30393400
2022-03-30,303.6204833984375,305.6423243268449,301.41486827122543,303.52376945863284,28163600
2022-03-31,298.25152587890625,304.85871680672483,297.84524471777274,303.65915116071864,33422100
2022-04-01,299.3254089355469,300.0122374321194,295.5719864101128,299.2770224362612,27110500
2022-04-04,304.6942138671875,304.8296310641929,299.60581010092596,299.9734174558661,24289600
2022-04-05,300.7377624511719,304.5975820485766,299.7607035467808,303.04977502360924,23156700
2022-04-06,289.72894287109375,296.9842586358123,287.0299571404709,295.2333114596833,40110400
2022-04-07,291.53802490234375,293.7436404303179,286.6818092677771,286.9816933883639,31411200
2022-04-08,287.281494140625,291.2960964316169,286.61400270541924,290.6382881981249,24361900
2022-04-11,275.9535827636719,283.06377005501855,275.70205565183903,282.27054447193905,34569300
2022-04-12,272.8579406738281,281.2547532210791,271.3391540006482,279.80368992052826,30966700
2022-04-13,278.236572265625,279.16524459856345,272.122751236361,273.5061208154424,21907200
2022-04-14,270.70068359375,278.9040387773758,270.2073421446939,278.69121497830656,28221600
2022-04-18,271.36822509765625,273.24493634757675,269.25935312303267,269.81076436616644,20778000
2022-04-19,275.9922180175781,276.83385950003543,269.32701618181187,270.2653715965898,22297700
2022-04-20,277.0177307128906,280.2487919901363,276.0600380805985,279.958561525646,22906700
2022-04-21,271.6487731933594,283.7312864723143,270.92324140436915,279.16527189939075,29454600
2022-04-22,265.0899658203125,273.96081411049454,264.46117751038287,272.4903841306375,29405800
2022-04-25,271.5616760253906,271.93893715298736,261.9362771237636,264.3740824976134,35678900
2022-04-26,261.404296875,269.2787207469881,261.1914730124075,268.4467917071966,46518400
2022-04-27,273.98016357421875,281.47732570453576,270.0526203554486,272.89670744793256,63477700
2022-04-28,280.1809997558594,281.4869627202717,272.2775281140742,275.88584973003594,33646600
2022-04-29,268.46612548828125,280.4229059103156,267.4794127851195,279.19431973149324,37073900
2022-05-02,275.1893615722656,275.6440293239036,267.2085121919129,268.6498925117606,35151100
2022-05-03,272.5871276855469,274.8604665193033,271.0103005471974,274.6959996581533,25978600
2022-05-04,280.5196228027344,281.3902550491014,267.7018944721031,273.37070203873003,33599300
2022-05-05,268.30157470703125,277.00795335936135,265.3897652885043,276.22438164240805,43260400
2022-05-06,265.76708984375,270.1396166091243,262.4199492559165,265.8444668964473,37780300
2022-05-09,255.9481964111328,263.4743766088099,254.7293233579173,261.2494247709762,47726000
2022-05-10,260.707763671875,264.8191105943443,256.4222962003139,262.82631891838696,39336400
2022-05-11,252.04971313476562,262.507041521962,250.84049357545095,257.01235492970693,48975900
2022-05-12,247.0193328857422,251.4015425966811,241.86321984436174,249.28298794947654,51033800
2022-05-13,252.60110473632812,254.45847882495977,247.0193583116015,248.95410945636132,34925100
2022-05-16,252.96878051757812,257.1478512045174,247.43538956782544,251.47901346749958,32550900
2022-05-17,258.1151428222656,259.57585977965135,253.89737021197146,257.4282849486114,28828800
2022-05-18,246.36328125,255.5941513427868,245.0930699203447,255.01236815888072,31356000
2022-05-19,245.4518280029297,249.8442599742027,244.23010107031448,246.1887405470746,32692300
2022-05-20,244.88946533203125,250.68785663420815,238.95534137506934,249.42732134726975,39199300
2022-05-23,252.73374938964844,253.55793981579862,245.73302803213778,247.7304758561138,33175400
2022-05-24,251.73500061035156,253.39305741677543,245.80087764780725,250.05756188241344,29043900
2022-05-25,254.54690551757812,256.54433819264386,249.3206224202264,250.29995683719147,28547900
2022-05-26,257.82427978515625,258.9975222921612,253.49003807090028,254.30452267342017,25002100
2022-05-27,264.9413757324219,265.03834453491794,259.4338910030426,260.32596255899296,26910800
2022-05-31,263.6129455566406,266.4248628217989,260.76223485872504,264.25290403889915,37827700
2022-06-01,264.1462707519531,269.2562034890883,261.8385496478532,266.84183742859545,25292200
2022-06-02,266.2406005859375,266.30848168782734,253.6548406449659,256.41828799648613,44008200
2022-06-03,261.8191223144531,265.14497113506803,260.25803436231683,262.10032291361057,28059000
2022-06-06,260.5877380371094,265.85281527967646,259.10420716791305,263.79720697367605,22400300
2022-06-07,264.22381591796875,264.8346867223125,257.86305412954965,258.54180604342474,22860700
2022-06-08,262.19732666015625,264.7086616945771,261.4216058677899,263.4578322605081,17372300
2022-06-09,256.7479248046875,264.4273655352702,256.592780702259,259.6471043926206,26439700
2022-06-10,245.30636596679688,252.6658293283701,244.86033026242538,252.6658293283701,31422800
2022-06-13,234.9022674560547,241.45696760455806,234.19444257567676,237.66571545060387,46135800
2022-06-14,237.0645294189453,238.27656531045733,234.1750252009215,236.45365859510807,28651500
2022-06-15,244.1137237548828,247.54621774471534,238.93590988722116,240.76850759522998,33111700
2022-06-16,237.52993774414062,239.90552503927643,235.63916478659826,238.50925737974993,33169200
2022-06-17,240.12855529785156,242.892003168209,236.61850393867869,237.26815342919429,43084800
2022-06-21,246.03359985351562,247.0129195467826,241.9320596633375,242.65928121254296,29928300
2022-06-22,245.44210815429688,249.35941623749332,242.76592357588206,244.23976328606997,25939900
2022-06-23,250.99810791015625,251.4926280887529,245.92696800307291,247.80805032436228,25861400
2022-06-24,259.56964111328125,259.84113599314713,253.77125024741073,253.85851328836165,33923200
2022-06-27,256.8449401855469,260.1513477506031,255.2838227151279,260.0640847254071,24615100
2022-06-28,248.69036865234375,258.8035884452092,248.5352245163049,255.96258358137382,27295500
2022-06-29,252.35562133789062,254.01367843439704,247.99227659013485,249.76669921288493,20069800
2022-06-30,249.0297088623047,251.6477180084153,245.21907543533365,249.24302834525233,31730900
2022-07-01,251.69622802734375,251.88045986451053,246.877186557772,248.60313941391496,22837700
2022-07-05,254.866943359375,254.99299984153146,247.0032529724364,248.3801241327607,22941000
2022-07-06,258.1248779296875,259.8508160325724,254.4305945207555,255.73959933597524,23824400
2022-07-07,260.248291015625,260.8882493950364,256.9709418562369,257.0679106271867,20859900
2022-07-08,259.53082275390625,259.9574617514012,255.29355004720045,256.7479931048278,19658800
2022-07-11,256.4765319824219,258.43517157163143,254.2172802316378,257.58189346441975,19455200
2022-07-12,245.9657440185547,257.8630939289556,244.38524428800383,257.8049185662981,35868500
2022-07-13,245.04457092285156,245.84936453464945,240.57458193875394,242.59141144867633,29497400
2022-07-14,246.36328125,247.39108538558793,238.47050360298064,242.959889571624,25102800
2022-07-15,248.92306518554688,252.462203796879,247.03229230010422,247.95343654733435,29774100
2022-07-18,246.5281219482422,252.91797217764622,245.60697754900244,251.86108033846966,20975000
2022-07-19,251.64773559570312,251.83196741615714,245.9754017765108,249.75694779239916,25012600
2022-07-20,254.30450439453125,256.825544892012,251.04656621862563,252.00648914711226,22788300
2022-07-21,256.7964782714844,256.8449774641106,249.2236799929457,251.89986485024778,22404700
2022-07-22,252.4525146484375,257.27157048099224,251.2017149281793,257.18430744869886,21881300
2022-07-25,250.96900939941406,253.55793131652177,249.01036987517415,253.07311691629897,21056000
2022-07-26,244.24945068359375,251.98709795269474,241.99022895209225,251.96768644166164,39348000
2022-07-27,260.5780334472656,261.8482448041291,250.98842003172433,253.22826018562694,45994000
2022-07-28,268.0151062011719,269.40166831465785,259.7344677770861,261.5573746966984,33459300
2022-07-29,272.2135009765625,273.43524237962765,268.22834196670004,269.2658515838835,32152800
2022-08-01,269.5664978027344,272.7371731572371,267.4623903988592,269.3822659732868,21539600
2022-08-02,266.47332763671875,269.4500944140682,264.10743158594045,267.61748223435484,22754200
2022-08-03,273.89105224609375,274.8897687407823,268.20901200946105,268.3544800041246,23518900
2022-08-04,275.03515625,275.18059462702735,271.6608675400947,273.24133735808226,18098700
2022-08-05,274.317626953125,275.0351426380941,270.21608737963913,270.6718139989153,16774600
2022-08-08,271.80633544921875,277.23626231037696,270.83670670939483,275.4230317107007,18739200
2022-08-09,273.7261962890625,274.4825055635908,269.1786348849365,271.1470097408237,23405200
2022-08-10,280.37786865234375,281.00812145710677,278.22529152278446,279.4179456049466,24687800
2022-08-11,278.30279541015625,282.3655416886504,277.8083049364427,282.01648958955855,20065900
2022-08-12,283.0443420410156,283.0443420410156,278.2252857983071,279.71852241187486,22619700
2022-08-15,284.5570068359375,285.2454350994593,281.29903820314064,282.16202216520173,18085700
2022-08-16,283.82000732421875,285.1096300607174,281.59957891566967,283.12187347946144,18102900
2022-08-17,283.07183837890625,285.0443616245307,281.2742116606303,281.536556451653,18253400
2022-08-18,281.9543762207031,283.64510179006146,280.89521149700556,281.9737992817374,17186200
2022-08-19,278.0481872558594,281.06042243303864,277.4748955705993,280.7203261035374,20570000
2022-08-22,269.8860168457031,274.46265350884744,269.3710240123007,274.0934077691384,25061100
2022-08-23,268.6131591796875,270.96462513583367,267.6025963871895,268.6131591796875,17527400
2022-08-24,267.9815368652344,269.38076836522134,267.32076724046834,267.61229110085856,18137000
2022-08-25,270.95489501953125,271.12006518473976,266.74747418276837,269.4779119694947,16583400
2022-08-26,260.4995422363281,272.40270697945806,260.3926709090645,271.1783719738918,27549300
2022-08-29,257.7205505371094,259.82909469537367,256.379617748924,258.32299172518486,20338500
2022-08-30,255.52450561523438,259.48897512489526,253.2799112455645,259.1197590113756,22767100
2022-08-31,254.0669403076172,259.54723825698477,253.93088992646184,257.87596548411756,24791800
2022-09-01,253.0272216796875,253.50336834765315,248.17851432635862,251.54054215060617,23263400
2022-09-02,248.81011962890625,257.24435393582866,247.26514117537187,254.29044741444957,22855400
2022-09-06,246.07969665527344,250.53000941495102,244.80678924426493,248.94618474623337,21328200
2022-09-07,250.7826385498047,251.50167728090952,246.05052865580473,247.4886209447781,24126700
2022-09-08,251.20046997070312,253.056395384433,247.5760822267559,250.21908643151144,20319900
2022-09-09,256.9722900390625,257.7205078743252,252.92037257528756,253.12441850602798,22084700
2022-09-12,259.1003112792969,259.8776786073918,257.65250725767163,258.254948403488,18747700
2022-09-13,244.85536193847656,253.02723665375865,244.46667832262642,251.51140761885284,33353300
2022-09-14,245.07887268066406,247.03195802459214,242.78569098884205,246.35178015556986,23913000
2022-09-15,238.43252563476562,244.28206983666107,237.111030916621,242.69823034248557,31530900
2022-09-16,237.81065368652344,238.3547959701018,235.2065251235573,237.34423330622892,39791800
2022-09-19,237.5968780517578,238.19931916772862,234.03078901134762,235.60491699915002,26826900
2022-09-20,235.58546447753906,236.6154501254237,232.85502690956756,235.21623357137693,26660300
2022-09-21,232.1845703125,240.64796931692138,232.13598300454865,237.35395148181902,28625600
2022-09-22,234.15711975097656,236.95558294370812,230.8436784817332,231.13517270867078,31061200
2022-09-23,231.18373107910156,234.30285235773331,228.54074168946926,232.75785901455737,34176000
2022-09-26,230.72705078125,234.61379837015886,230.19262002242195,230.33838195306527,27694200
2022-09-27,229.7164764404297,234.9538676194247,227.86055112233197,233.18539055356896,27018700
2022-09-28,234.24456787109375,235.46888802626256,228.0840616627681,230.10517219200622,29029700
2022-09-29,230.77565002441406,233.15628008036532,227.77314091515188,232.1262942883284,27484200
2022-09-30,226.30584716796875,233.7295336409088,226.1406621930938,231.5432383662329,35694800
2022-10-03,233.9239044189453,234.76926725849918,228.01604641968547,228.7448115784085,28880400
2022-10-04,241.83343505859375,243.27152748723756,238.04384733649516,238.15073348619765,34888400
2022-10-05,242.1443634033203,243.4852960194291,237.18876929584698,239.02525687467363,20347100
2022-10-06,239.80262756347656,243.25211936958422,239.11273809831516,240.91035014743682,20239900
2022-10-07,227.6079559326172,234.4875013005094,226.56824378188696,234.0793797349826,37769600
2022-10-10,222.7592315673828,227.91888685975806,220.31057632079649,226.45164491422375,29743600
2022-10-11,219.02792358398438,222.5745744479787,217.7647277876426,221.17534309367792,30474000
2022-10-12,219.35830688476562,221.40856673598395,217.6189939430992,219.01821055578878,21903900
2022-10-13,227.6079559326172,229.41529424813774,212.92576556200996,213.62538135038992,42551800
2022-10-14,222.08877563476562,230.52302640165487,221.87500331123564,228.87114666042004,30198600
2022-10-17,230.80477905273438,232.1942989747583,228.4824480465505,229.14320282236488,28142300
2022-10-18,231.747314453125,237.02356694835538,228.7059298585046,236.3531154742312,26329600
2022-10-19,229.7845001220703,232.8258846804723,227.65650356694331,230.32864238101766,19985700
2022-10-20,229.46385192871094,234.47775981300623,228.22009390223283,229.09462099466492,21811000
2022-10-21,235.26486206054688,236.11995140278515,227.8606115389017,228.09382176681243,26299700
2022-10-24,240.24961853027344,240.82291032041493,234.4680836583969,236.8584254528165,24911200
2022-10-25,243.5630340576172,243.93226498550914,238.86978470276068,240.2592898081023,34775500
2022-10-26,224.77061462402344,231.55298484742156,223.5462796746697,224.62485269698536,82543200
2022-10-27,220.32998657226562,227.0734954795491,219.38744917013727,224.49851650888635,40424600
2022-10-28,229.19180297851562,229.90114514841537,219.64984455522253,219.8344674535042,40647700
2022-10-31,225.55767822265625,228.26867807032616,224.605414413329,227.14151774097857,28357300
2022-11-01,221.7097625732422,229.065438341305,220.89354926680116,227.95771604634555,30592300
2022-11-02,213.8682861328125,224.7511761173168,213.80997246609851,222.96327583397812,38407000
2022-11-03,208.18392944335938,214.16952462545234,207.92156981485337,213.85857768399836,36633900
2022-11-04,215.1217498779297,215.31608428144708,207.38711607311453,211.39047595404304,36789100
2022-11-07,221.41831970214844,221.94303900351989,215.01490570624847,215.70481002419461,33498000
2022-11-08,222.38995361328125,225.09124173650707,219.4457437895728,222.22476863616473,28192500
2022-11-09,218.1533966064453,222.15675627667915,217.97850010051374,220.93242142810288,27852900
2022-11-10,236.1004638671875,236.44056019136823,228.34640704745314,228.7642252711611,46268000
2022-11-11,240.11351013183594,240.968599204813,235.08016512512506,236.11016552064876,34620200
2022-11-14,234.71096801757812,237.0041496395175,232.43722428466577,235.13851261558185,31123300
2022-11-15,235.11907958984375,240.00666349429483,233.23400463788948,238.70460661108956,31390100
2022-11-16,235.5478057861328,237.56487314144158,234.27131111867024,236.58069414702467,24093300
2022-11-17,235.4990692138672,237.02892387588912,231.5526591490044,231.69881697787037,23123500
2022-11-18,235.0508575439453,237.50641331153858,232.9168638897255,237.2822848010197,27613500
2022-11-21,235.85963439941406,238.41262379283273,235.02162809086872,235.2554806346632,26394700
2022-11-22,238.76341247558594,239.03625034999712,234.5539032214211,237.36023776801466,19665700
2022-11-23,241.24819946289062,241.93029414801862,238.02285434078252,238.84136796293612,19508500
2022-11-25,241.1605224609375,242.33956874564888,240.4199497182592,240.9851181755742,9200800
2022-11-28,235.57704162597656,240.34198047417644,234.64160171816698,239.78656581676748,24778200
2022-11-29,234.18362426757812,236.58070207820637,232.11784747654085,235.22625156300845,17956300
2022-11-30,248.61483764648438,248.79998080802568,233.72562221636355,234.41747063024718,47594200
2022-12-01,248.17637634277344,249.56979735290415,244.50278888285192,247.37734047819936,26041500
2022-12-02,248.49794006347656,249.51133581657106,243.30425151606138,243.4309315609044,21528500
2022-12-05,243.80120849609375,247.32863821310553,241.7159389367775,245.56491592032455,23435300
2022-12-06,238.8511199951172,245.4187517382797,237.54539368771614,244.4053559887348,22463700
2022-12-07,238.1202850341797,239.8645144954358,236.0155378698541,238.56852717524598,20481500
2022-12-08,241.0728302001953,242.37857149397973,236.84382766969588,238.57830363600303,22611800
2022-12-09,239.1434326171875,241.9595208718469,237.91566220853431,238.44184527837177,20609700
2022-12-12,246.0521240234375,246.081355592582,240.84869655601585,241.12153444706453,30665100
2022-12-13,250.34933471679688,257.1703110963209,246.59779176063924,254.99733220148903,42196900
2022-12-14,250.64166259765625,255.87432140305884,247.80608156750714,250.55396789409684,35410900
2022-12-15,242.64161682128906,247.69888605332656,241.01432850057725,247.2311661145022,35560400
2022-12-16,238.43211364746094,243.45039767115878,237.28228413602537,242.19339565744826,86102000
2022-12-19,234.30052185058594,238.93879503110043,232.60503162349835,238.59774028481047,29696400
2022-12-20,235.61605834960938,236.6976711092284,232.32249582835396,233.27742853144738,25150800
2022-12-21,238.17877197265625,239.3383404733785,233.96926235474098,235.50885613255662,23690600
2022-12-22,232.09835815429688,235.8011771653982,227.88883383804284,235.08983601075406,28651700
2022-12-23,232.62454223632812,232.76096118037862,227.9570517012324,230.07155276829016,21207000
2022-12-27,230.89979553222656,232.81939944393886,229.7986903288203,232.59528581734625,16688600
2022-12-28,228.5319366455078,233.58920571685437,228.18114298539857,230.83158066876882,17457100
2022-12-29,234.84622192382812,235.73295246137508,229.62330203859167,229.62330203859167,19770700
2022-12-30,233.6866455078125,233.82306443342722,230.60745847988278,232.11782042896934,21938500
2023-01-03,233.45278930664062,239.46499095764855,231.32853465622566,236.86327747897744,25740000
2023-01-04,223.24085998535156,226.91443295403656,220.18116489402158,226.33952554962818,50623400
2023-01-05,216.6244659423828,221.7304593927792,216.0885291034545,221.3894046220388,39585600
2023-01-06,219.17745971679688,219.98623444144232,213.74018002094996,217.2968261609176,43613600
2023-01-09,221.3114471435547,225.3260890868295,220.6196135764492,220.65858404237193,27369800
2023-01-10,222.99720764160156,225.3942852499652,221.51607720978163,221.93507289887148,27033900
2023-01-11,229.74021911621094,229.91560850427538,225.19939440138353,225.37478378944797,28669300
2023-01-12,232.41017150878906,233.76462207264603,227.58676927741644,229.2432893034318,27269500
2023-01-13,233.11170959472656,233.24812851227875,228.91193984521254,230.93874581209283,21333300
2023-01-17,234.20309448242188,234.74877019615067,231.0264589269251,231.8839578305264,29831300
2023-01-18,229.77920532226562,236.18118605908887,229.49662855484155,235.39190402162816,30028700
2023-01-19,225.99844360351562,229.49664158993286,224.78041202749904,227.80113628343994,28623000
2023-01-20,234.07643127441406,234.58313656009622,228.51245663723557,228.85351141709936,35389800
2023-01-23,236.37606811523438,238.89982582882288,233.52099453170575,234.93392297440502,31934000
2023-01-24,235.84986877441406,237.71102447414427,234.2907973761476,236.2981109084017,40234400
2023-01-25,234.45645141601562,237.07765762154605,224.9947760426561,228.48322009420318,66526600
2023-01-26,241.65745544433594,241.95952488467353,235.8109041029407,237.4186997744048,33454500
2023-01-27,241.81336975097656,243.44065810829167,240.51738240492458,242.62214447980068,26498900
2023-01-30,236.5027618408203,239.31885025276583,236.00579544141553,238.25671541727394,25867400
2023-01-31,241.4723358154297,241.60875476528724,236.736628172446,237.22384083173012,26541100
2023-02-01,246.28598022460938,248.65382642873757,239.19216564342997,241.65746031930018,31259900
2023-02-02,257.8329162597656,257.92061096012765,250.6708850258921,252.20073974099043,39940400
2023-02-03,251.74281311035156,257.44320776264226,250.5247813358067,252.90238173868656,29077300
2023-02-06,250.20315551757812,251.69402492949268,248.2640588264018,250.85603350578165,22518000
2023-02-07,260.7171630859375,261.8962090659223,253.428453032111,253.86695619791232,50841400
2023-02-08,259.9084167480469,269.68189927846043,259.40169666602293,266.21294831317726,54686000
2023-02-09,256.87799072265625,266.9730522112078,256.0789548463012,266.79763305844943,42375100
2023-02-10,256.3713073730469,257.3359789229723,253.99370721574917,254.8414524853322,25818500
2023-02-13,264.381103515625,267.5772176000691,260.31773656170196,260.7952252232444,44630900
2023-02-14,265.20928955078125,267.9376679050751,262.39318676983703,265.696502095269,37047900
2023-02-15,263.08953857421875,264.46692310846817,260.02216525434795,262.112672647368,28922400
2023-02-16,256.08538818359375,260.569199060256,255.8411717100615,257.91212263576193,29603600
2023-02-17,252.0900115966797,254.0730481798603,250.07767022898236,253.3892599372768,30000100
2023-02-21,246.82470703125,249.5794760448662,245.7696900625751,248.59283193869732,28397400
2023-02-22,245.69155883789062,248.45609136769838,244.54862742266278,248.21187487113363,22491100
2023-02-23,248.87611389160156,250.89821842663798,244.68535109646456,249.64783134560344,29219100
2023-02-24,243.45452880859375,245.19334897539824,242.36044373441328,244.17741496448653,24990900
2023-02-27,244.3727569580078,246.97122361499612,243.62056610345024,246.61955132378125,21190000
2023-02-28,243.64987182617188,245.67199123491113,242.9758320232588,243.30797773153637,22491000
2023-03-01,240.57276916503906,245.12495292682374,240.10386280126266,244.95888751265778,27565300
2023-03-02,245.30078125,245.58406578455748,239.92801913938823,240.84627541231006,24808200
2023-03-03,249.3840789794922,249.70644650216622,245.57430808569026,246.35580375528275,30760100
2023-03-06,250.9275665283203,254.10238105208356,250.05815637804454,250.49774310017636,24109800
2023-03-07,248.27044677734375,251.7285601912726,247.5280341065123,250.37070236682902,21473200
2023-03-08,247.8308868408203,248.65145065582482,245.00774486083787,248.16301768416147,17340200
2023-03-09,246.4828338623047,253.55533409337485,245.7599476632948,249.90186482884056,26653400
2023-03-10,242.83909606933594,246.94192996221227,241.87200834587694,245.27149758216976,28333900
2023-03-13,248.0457763671875,251.94347649871762,240.04524262160942,241.67660681243697,33339700
2023-03-14,254.7569122314453,255.0304335401804,249.9409547271864,250.81036493833585,33620300
2023-03-15,259.29925537109375,260.3152041308793,253.21337082147616,253.96557655248083,46028000
2023-03-16,269.8103942871094,270.16205172863715,257.1892727698562,259.0746169472976,54768800
2023-03-17,272.96563720703125,276.7754083374073,269.9275985016487,271.8227207737094,69527400
2023-03-20,265.9321594238281,271.06070433302705,263.6072142951392,270.5722714845319,43466600
2023-03-21,267.44635009765625,268.6381277112385,263.28489174322317,268.5209085708176,34558700
2023-03-22,265.9908752441406,274.53845350756507,265.883404472518,267.07518229142465,34873300
2023-03-23,271.236572265625,274.55791015384574,268.8334906504202,271.5100935079119,36610900
2023-03-24,274.0792541503906,274.1378637154936,268.9116255422268,270.82627422927686,28172000
2023-03-27,269.98614501953125,274.9486096232153,269.14602502147517,274.01082690511265,26840200
2023-03-28,268.8627624511719,269.7517138324497,265.75630680935643,269.40980486863884,21878600
2023-03-29,274.02069091796875,274.63612126718954,271.96926635776106,272.5065307325749,25087000
2023-03-30,277.478759765625,277.8792783804837,274.9682369436602,277.65461829253616,25053400
2023-03-31,281.63043212890625,282.57799326147335,276.45305469008514,277.1661775421266,32766000
2023-04-03,280.5851745605469,281.60109352855216,277.38105592793227,279.89157837797717,24883300
2023-04-04,280.5363464355469,283.7307170583828,279.0612991751383,280.585207618267,25824300
2023-04-05,277.7619934082031,280.506983678301,276.3748607894706,279.2370701753402,22064800
2023-04-06,284.8541259765625,285.3230025679542,275.5055113851009,276.6582060877172,29770300
2023-04-10,282.6952209472656,282.9003544272942,278.12346613985693,282.51936243851856,23103000
2023-04-11,276.2869567871094,279.364108081122,275.1245138457469,279.1394182021938,27276600
2023-04-12,276.9317321777344,280.3703195694183,275.4371283935577,278.20167586183015,27403400
2023-04-13,283.134765625,283.1933751851199,276.6190877618653,277.0293546827045,24222700
2023-04-14,279.5204162597656,281.8062788337825,277.1270829372931,280.36050660414264,20987900
2023-04-17,282.11883544921875,284.85407761818396,279.5399251996228,283.2226985900286,23836200
2023-04-18,281.6987609863281,285.01035006411087,280.3702379257405,284.82474319365,20161800
2023-04-19,281.7769775390625,282.363073223057,277.9574283365994,279.3738659883608,17150300
2023-04-20,279.4910888671875,282.34355041766946,278.48491818075087,278.6509985011603,23244400
2023-04-21,279.1492004394531,279.6473817610795,276.511650666874,278.41655103724565,21676400
2023-04-24,275.2514953613281,278.35795159650013,272.27206627525993,275.564099605755,26611000
2023-04-25,269.0484313964844,275.085455775241,268.9995702123378,273.0438095298006,45772200
2023-04-26,288.536865234375,292.63971378431694,285.95795485763057,289.8361135268747,64599200
2023-04-27,297.7780456542969,298.1395111111619,288.4196826173737,289.12302732036886,46462600
2023-04-28,300.1518249511719,301.78317430412875,296.2931927346846,296.9770107869876,36469600
2023-05-01,298.4910888671875,301.46076902162355,298.09057034211753,299.86847311830843,21294100
2023-05-02,298.3446044921875,302.02737803508757,296.8793057090036,300.640245214825,26404400
2023-05-03,297.3579406738281,301.4705373047011,297.05511466369126,299.52658392125915,22360800
2023-05-04,298.3446044921875,300.640245214825,296.38109458301545,299.15539003512066,22519900
2023-05-05,303.46337890625,304.7528490194279,297.2309698374708,298.6474372845863,28197100
2023-05-08,301.5096435546875,303.02380353381574,299.00886932285215,302.95541576842186,21318600
2023-05-09,299.8977966308594,302.86747697079767,299.223756852854,300.8746624179306,21340800
2023-05-10,305.0849609375,305.7590007361898,300.5523190484158,301.4803236876646,30078000
2023-05-11,302.9358215332031,303.92246547425293,299.1749122684255,302.9260731476362,31680200
2023-05-12,301.82220458984375,303.46333185493665,299.5070375888062,303.3656393200101,19774700
2023-05-15,302.3009338378906,302.73075724835036,300.4741992492285,301.94927639928727,16336500
2023-05-16,304.52813720703125,306.4525640397429,302.66231993782725,302.66231993782725,26730300
2023-05-17,307.40643310546875,307.8273965281547,304.2148790483357,305.73234911232737,24315000
2023-05-18,311.83148193359375,312.34058172844885,307.1322876651915,307.925276324525,27276000
2023-05-19,311.65533447265625,312.0567286735725,309.7267003191957,310.0889260945517,27546700
2023-05-22,314.4356384277344,315.8160338813464,311.33222095812204,311.90982815472574,24115700
2023-05-23,308.63995361328125,315.9432948088947,308.63015403990534,313.30977897111853,30797200
2023-05-24,307.2596435546875,309.85399169622406,306.0456613121004,308.121169702086,23384900
2023-05-25,319.0761413574219,320.0355435840167,313.28044007035,316.452394965502,43301700
2023-05-26,325.8997802734375,326.39905065575283,317.0789683726066,317.2160130284429,36630600
2023-05-30,324.25506591796875,328.6899413465032,323.5795525189351,328.19067091699185,29503100
2023-05-31,321.4942321777344,328.8856796035957,320.45646337468304,325.3123310459061,45950600
2023-06-01,325.5962829589844,326.52634626965755,317.90134604784606,319.08592941453026,26773900
2023-06-02,328.3570556640625,330.41296452982044,325.56689576601605,327.2312100565703,25873800
2023-06-05,328.88568115234375,331.45065963799556,327.6325607518441,328.180799059766,21307100
2023-06-06,326.67315673828125,328.32767137670015,325.19488504565373,328.2885029579965,20396200
2023-06-07,316.5894775390625,327.4661687531418,315.7279515267093,324.6858083621168,40717100
2023-06-08,318.4300231933594,319.78104998315,316.5601268268705,317.1377341007984,23277700
2023-06-09,319.9278869628906,323.06067362544843,317.59785876983193,318.16566645574613,22529000
2023-06-12,324.881591796875,325.1263421252022,318.3320706206992,321.6802383812358,24260300
2023-06-13,327.2703857421875,329.90390189326365,323.4522862648796,327.44659882342825,22951300
2023-06-14,330.25634765625,331.9206620825264,325.82147225464075,327.3193432875882,26003800
2023-06-15,340.7904052734375,342.4938582086499,330.1192956143464,330.393414820895,38899100
2023-06-16,335.1414794921875,344.08956511719884,334.7694841195097,343.94272090735933,46552000
2023-06-20,330.951416015625,334.8967905185413,328.8074005290605,332.18496735769014,26375400
2023-06-21,326.5556640625,330.63811253956635,325.09696171811146,329.306655264913,25117800
2023-06-22,332.5765380859375,332.9779322220441,326.3403043071654,327.1039241601426,23556800
2023-06-23,327.9850769042969,330.86334374945545,326.4480672315905,327.3389323189801,23146900
2023-06-26,321.69989013671875,329.05217088580866,321.592184438732,326.71237290027926,21520600
2023-06-27,327.5445251464844,329.0913343051698,322.38516833897705,324.89140968264053,24354100
2023-06-28,328.7976989746094,330.8829771986555,326.8005273108634,327.6326846604874,20259500
2023-06-29,328.0143737792969,329.052112767679,325.6354077895199,327.6815169223393,16997000
2023-06-30,333.3891296386719,335.5331449952425,330.11926869973666,330.65770749403055,26832800
2023-07-03,330.8926696777344,333.7415673029559,329.5025044373006,332.067483294419,12508700
2023-07-05,331.04925537109375,334.47575962870883,327.7010879417734,328.05351403886135,18172400
2023-07-06,334.1037902832031,335.78767385230776,328.45496307477555,330.21715360852994,28161200
2023-07-07,330.13885498046875,334.61289857162126,329.92347347630437,332.19476390626494,21214800
2023-07-10,324.8619689941406,328.1905971184104,320.71101328852956,327.5738215556575,32791400
2023-07-11,325.4886169433594,325.8704119772488,320.13347775646093,324.10822129809816,26698200
2023-07-12,330.1192932128906,334.4758316380157,328.62142222429776,329.53188638120173,29995300
2023-07-13,335.4646301269531,336.52193851467035,331.90105061768867,332.42971974992344,20567200
2023-07-14,337.9904479980469,344.0504693091922,337.07998382815504,340.29110736020874,28352700
2023-07-17,338.4701843261719,339.70370584522345,335.01431037964596,338.42121632729265,20363900
2023-07-18,351.94122314453125,359.0781521098167,334.98494066726425,338.56805969742885,64738600
2023-07-19,347.6238098144531,354.84884504828324,345.03926161088305,354.15376240808007,39732900
2023-07-20,339.58624267578125,350.4531652099648,338.1177404381011,346.1455646214541,33778400
2023-07-21,336.55126953125,342.9441468894957,332.694001980304,341.81830135851885,69405400
2023-07-24,337.8631591796875,339.6351792022214,335.1219672074144,338.58764053266464,26678100
2023-07-25,343.60992431640625,344.5008191812914,337.82402242034016,339.8211637778006,41637700
2023-07-26,330.6772766113281,337.43240985586726,326.11512671611416,334.2702247265649,58383700
2023-07-27,323.7752990722656,334.16248813756204,322.1403538163887,333.330360964953,39635300
2023-07-28,331.2646484375,332.87022482957593,326.1738598596252,326.66336048500244,28484900
2023-07-31,328.8662109375,330.60883248614635,326.3599395048651,329.8452124789138,25446000
2023-08-01,329.2773132324219,331.4311281711662,326.692765182679,328.1514676458398,18311900
2023-08-02,320.6229248046875,326.62420753627333,319.50684898513873,326.62420753627333,27761300
2023-08-03,319.80059814453125,322.9529838203489,319.1055155220307,319.154453640907,18253700
2023-08-04,320.8970947265625,328.10256094885904,320.3684255770162,324.91100665492644,23741500
2023-08-07,323.17816162109375,324.15716309321493,320.64255139351025,321.47470862016405,17741500
2023-08-08,319.2033996582031,321.84671543145896,316.21745729083267,320.094294531756,22327600
2023-08-09,315.46368408203125,320.2411866081632,314.3084395325247,319.6146411443904,22373300
2023-08-10,316.1488952636719,321.3669891320305,314.43564292025485,319.1740058162668,20113700
2023-08-11,314.2692565917969,315.63985260966695,312.5070361030333,313.53500552400016,24355500
2023-08-14,317.235595703125,317.2551649738709,313.35872896949473,314.64124818370647,18836100
2023-08-15,315.1013488769531,318.26353387975075,314.1615159801267,316.2174247167932,16966300
2023-08-16,314.3361511230469,318.2800883607637,313.7475006460735,314.72857479436016,20698900
2023-08-17,310.8828430175781,315.7783944149159,310.22551003328005,314.47357871058,21257200
2023-08-18,310.4903259277344,312.3543606335649,305.65360810986385,308.53796821025577,24755000
2023-08-21,315.7880859375,316.6612261790045,311.03969164055246,311.91283188205693,24040000
2023-08-22,316.357177734375,319.9086615433213,315.3761035356602,319.33965168167043,16084600
2023-08-23,320.81121826171875,322.96959317403787,317.3382076991705,317.69140993027924,21166400
2023-08-24,313.91436767578125,326.678154822861,313.9045473512672,326.55061036423314,23281400
2023-08-25,316.8673095703125,319.20224067535247,312.76639725943465,315.3858781640861,21684100
2023-08-28,317.57366943359375,319.97728279727545,315.63113211282007,319.49656611253965,14808500
2023-08-29,322.194580078125,322.7537995550599,315.7881667802801,315.7881667802801,19284600
2023-08-30,322.5673522949219,323.5680370692741,320.2716425608164,322.44962819676334,15222100
2023-08-31,321.556884765625,324.6472624633452,320.5954212849975,322.9696339885842,26411000
2023-09-01,322.4398193359375,325.7067829359754,320.5953952258838,325.0396597293619,14942000
2023-09-05,327.23724365234375,328.512657905709,322.4398070250058,322.77336861557694,18553900
2023-09-06,326.5799865722656,328.13007064456224,323.9310742393436,327.0705236753987,17535800
2023-09-07,323.66619873046875,326.7761872339446,322.8028486285546,325.0200859411969,18381000
2023-09-08,327.9436340332031,329.79787848396427,323.2246699296337,323.8427514132207,19530100
2023-09-11,331.5442199707031,332.01514636855427,329.0817141298704,330.8574560496714,16583300
2023-09-12,325.4909362792969,330.4159473154807,325.20644635330586,329.4643042616368,17565500
2023-09-13,329.6997375488281,330.4747944190724,324.9023010902351,325.03963588622577,16544400
2023-09-14,332.2898254394531,334.40891924896704,330.20013271673093,332.7312908414323,20267000
2023-09-15,323.9703063964844,331.0144115945299,323.4110869464427,330.54351516502703,37679800
2023-09-18,322.8322448730469,324.14688059021836,320.1833327948617,321.59608191122635,16834200
2023-09-19,322.4300231933594,323.15603844559445,318.36839165791633,319.9969783891352,16505900
2023-09-20,314.69915771484375,323.35223927183466,314.44409878418986,323.27376651009695,21436500
2023-09-21,313.4826354980469,319.19249448338184,309.0383706041025,313.2177562445035,35560400
2023-09-22,311.0102844238281,315.36625546450654,310.16654519847,315.23871105160333,21447900
2023-09-25,311.5303039550781,311.6578483890655,309.0383671510389,310.59827150671464,17836000
2023-09-26,306.23248291015625,309.9016904509528,304.15258067558153,309.1658848784398,26297600
2023-09-27,306.8702087402344,308.35161042949267,303.82887271896175,306.3894620209308,19410100
2023-09-28,307.7041320800781,309.50930504825243,303.59342871178666,305.1042614505791,19683600
2023-09-29,309.7742004394531,313.4237979177654,309.0187840307204,311.73634897747024,24147300
2023-10-02,315.70965576171875,315.7979787841784,309.21494955018176,310.294137124608,20570000
2023-10-03,307.4588317871094,315.3074247202829,305.320067458415,314.75799567015525,21033500
2023-10-04,312.9234313964844,313.9830083427308,308.0573115463436,308.086742575961,20720100
2023-10-05,313.3158264160156,313.92411753909374,308.94024408682094,313.05094717371253,16965600
2023-10-06,321.0663146972656,322.9597804960645,310.31372116687385,310.5589896881692,25673600
2023-10-09,323.5779113769531,324.0488078481523,317.063564085275,318.60385781984473,19891200
2023-10-10,322.1749572753906,324.8336598616772,321.4685826836827,324.69629510828605,20557100
2023-10-11,326.128662109375,326.5210857572993,322.91074029238723,324.9415409038971,20063200
2023-10-12,324.892578125,327.3158329132954,322.4987543689506,324.3137478641537,19313100
2023-10-13,321.52752685546875,327.5120567986452,320.1834297654614,326.0895168695356,21072400
2023-10-16,326.3445129394531,329.7782723940854,324.34311333126567,324.78457872571454,22158000
2023-10-17,325.7754821777344,327.1489800095309,321.2134933356926,323.3522278123477,18338500
2023-10-18,323.8624267578125,329.23872476588883,322.08668464832255,326.1973884107362,23153600
2023-10-19,325.0494384765625,330.5042074141456,324.6471945516685,325.8637167069563,25052100
2023-10-20,320.4875183105469,325.6381577998448,319.29060660305254,325.441930986154,25027700
2023-10-23,323.08734130859375,326.4328077015871,318.25065300887303,319.31019990102027,24374700
2023-10-24,324.2744140625,325.55961871050516,321.39987419726737,325.02983032476106,31153600
2023-10-25,334.2225341796875,339.64787287454516,331.2302401447983,338.4901826566504,55053800
2023-10-26,321.68438720703125,335.1643351813987,320.7523548760507,334.09496805111814,37828500
2023-10-27,323.56805419921875,330.3472799837888,322.1847360926127,324.1763153652428,29856500
2023-10-30,330.9261474609375,333.02566069281073,325.54984988044805,327.09996393650596,22828100
2023-10-31,331.7110290527344,332.5841995821354,328.35577159326857,332.43704441988035,20265300
2023-11-01,339.52032470703125,340.8447807446002,333.2218157421507,333.35918048886424,28158800
2023-11-02,341.727783203125,342.22811070154637,338.2449517203371,340.6682062676254,24348100
2023-11-03,346.1229553222656,347.6828896003234,340.75647841286957,343.01296696867126,23637700
2023-11-06,349.7823181152344,350.7732124532955,346.6625099264912,346.76062331620074,23828300
2023-11-07,353.7066650390625,355.6001309786841,350.86155596843827,352.59804644995546,25833900
2023-11-08,356.32611083984375,356.9834136941428,353.72624062685685,354.8348591059033,26767800
2023-11-09,353.8636779785156,357.8860884409739,353.53990670562916,355.4431931692312,24847300
2023-11-10,362.6736755371094,363.0955302142946,354.23643229337705,354.6484666487655,28042100
2023-11-13,359.74029541015625,361.49642668428953,358.97505869997684,361.2511581241037,19986500
2023-11-14,363.2622985839844,364.9105258370756,360.3975789598127,363.98831378189556,27683900
2023-11-15,363.4097595214844,366.81115702997374,360.8930847744488,364.9924802404826,26860100
2023-11-16,369.7996826171875,369.97662716885657,363.9111011410668,364.6778908657379,27182300
2023-11-17,363.5867614746094,368.0302064935661,360.78501895126305,367.28306715379995,40157000
2023-11-20,371.0482177734375,372.45399413615905,364.7172740131472,364.9335496074717,52465100
2023-11-21,366.75225830078125,369.8489086679745,364.8352685492538,369.30823463589167,28423100
2023-11-22,371.4513244628906,373.35847403198227,368.62009087575336,371.5987782953916,23345300
2023-11-24,371.038330078125,371.56919374191403,368.78713213501106,370.9400175476793,10176600
2023-11-27,372.1983947753906,374.19404643508545,369.82923344697656,370.3993982063347,22179200
2023-11-28,376.2191467285156,376.51405435302496,371.75602133936184,371.9428061684763,20453100
2023-11-29,372.4343566894531,377.79204546279357,371.0482307864117,377.2612117132878,28963400
2023-11-30,372.49334716796875,373.6533572420955,369.11159949363696,372.0804464632099,30554400
2023-12-01,368.1678466796875,371.75602952719976,365.0220252786822,370.37974391455106,33040500
2023-12-04,362.8887939453125,363.2623336149724,356.7544451480774,362.84946292716745,32063300
2023-12-05,366.21148681640625,366.76200100247496,359.4283420231669,360.24430304947185,23065000
2023-12-06,362.55450439453125,367.8434010010659,361.7975548433351,367.2142547508921,21182100
2023-12-07,364.6681213378906,365.15965403682253,360.11652374565716,361.99418225567007,23118900
2023-12-08,367.892578125,368.11866396815253,361.99418568198814,362.94776032697274,20154400
2023-12-11,365.01214599609375,365.3070835963392,359.90022426700926,362.23992455873395,27708800
2023-12-12,368.0400390625,368.07937007976545,364.1864093914376,364.56981930802976,24838300
2023-12-13,368.0301818847656,371.2448248811306,364.4911405130115,369.65223376326037,30955500
2023-12-14,359.73309326171875,367.43051168709843,357.9635876470979,366.98812028305656,43277500
2023-12-15,364.45184326171875,366.09354566450713,360.0771902707865,360.6375447439286,78502300
2023-12-18,366.33929443359375,366.68337330414107,362.4365238179664,363.1935033333252,21802900
2023-12-19,366.93896484375,366.93896484375,363.5768683048988,365.1989200557806,20603700
2023-12-20,364.3436279296875,369.66201438302113,364.2551556597629,368.649458403969,26316700
2023-12-21,367.21429443359375,368.0695566165207,363.7735651914328,366.2508794455086,17708000
2023-12-22,368.23663330078125,368.8264785553031,366.3983057581292,367.35188041938636,17107500
2023-12-26,368.3152770996094,370.5566649551992,367.1749176642006,368.649515727109,12673100
2023-12-27,367.7353210449219,368.7085462956533,366.49664890706117,367.36175135250176,14905400
2023-12-28,368.9248046875,370.0848147302982,367.82377617224904,369.01327697882084,14327000
2023-12-29,369.6719055175781,370.77293391810167,367.15526060187455,369.6325745030526,18730800
2024-01-02,364.5894470214844,369.5342646061022,360.55887302589025,367.5288028618132,25258600
2024-01-03,364.3240661621094,366.9390238907261,362.2694629469342,362.7609956778596,23083500
2024-01-04,361.7090759277344,366.7816968551165,360.95212639041375,364.3928551976836,20901500
2024-01-05,361.52227783203125,365.75928703620065,360.29344616027043,362.72161874370073,21004600
2024-01-08,368.3447570800781,368.84613000704053,362.7609531121448,363.0460204620728,23134000
2024-01-09,369.4261169433594,369.6227120026067,364.90401056986224,365.7101313148608,20830000
2024-01-10,376.2879333496094,377.6642489138574,369.94717950336036,369.99632077317983,25514200
2024-01-11,378.1164245605469,384.0639578363486,373.9383968872458,379.4632192692285,27850800
2024-01-12,381.89141845703125,382.0978537915272,378.13610141587486,378.96187275463393,21661200
2024-01-16,383.6609191894531,387.3572546583597,381.0558019045163,386.9935252639614,27202300
2024-01-17,382.87445068359375,383.5035968868469,378.2933627006387,381.4096929597069,22234100
2024-01-18,387.199951171875,387.317914215752,383.51345604684644,385.0863666336801,23392100
2024-01-19,391.9186706542969,391.9186706542969,386.83620966747424,389.05794692680297,29331100
2024-01-22,389.7952575683594,393.83564181909105,386.9246935015416,393.2457965997971,27016900
2024-01-23,392.144775390625,392.61665757487873,387.2589392356876,389.04812543344485,20525900
2024-01-24,395.74285888671875,398.7608772756737,393.66860501077343,394.74014284252263,24867000
2024-01-25,398.013671875,400.11744616888006,395.71330250742477,397.4729979213706,21021200
2024-01-26,397.0895690917969,399.2916558179086,395.61497110591324,397.52212023438454,17803300
2024-01-29,402.78155517578125,403.03716177894273,397.48281829193445,399.1835322269837,24510200
2024-01-30,401.6706848144531,406.05514806143475,399.56694047651416,405.27854800251134,33477600
2024-01-31,390.8471374511719,408.28673844568766,390.48340804499526,400.06829591373173,47871100
2024-02-01,396.942138671875,401.0906757831929,394.9956584155895,395.02514917701313,30657700
2024-02-02,404.2561950683594,405.66197152955027,396.72590975766974,396.97167613203646,28256700
2024-02-05,398.7804870605469,404.19718719885634,397.14859484100157,402.95851515251775,25352300
2024-02-06,398.6231689453125,401.06118187336995,396.0868734804641,399.0065788415849,18382600
2024-02-07,407.0382385253906,407.28400488846614,400.50085926773676,400.5401902860463,22340500
2024-02-08,407.0971984863281,408.52265531696276,405.5439683543155,407.0382169623767,21225300
2024-02-09,413.4281311035156,413.693577955035,408.060602560808,408.2178966207668,22032800
2024-02-12,408.22772216796875,413.6149010238027,407.7263492449608,413.43795646301396,21202900
2024-02-13,399.4390869140625,403.12558166924816,396.55871287886254,398.0824520440308,27824900
2024-02-14,403.29986572265625,403.6445808998677,398.454256564083,401.9013482236895,20401200
2024-02-15,400.4141540527344,402.94531135993617,398.17847977076707,401.97028650604454,21825500
2024-02-16,397.9519348144531,402.11800189970467,397.3413119912312,401.7929735865366,22296500
2024-02-20,396.701171875,398.3754555316585,391.99343067715284,397.1443513475326,24307900
2024-02-21,396.1003723144531,396.20872511051635,391.2153593903598,394.12077725006736,18518900
2024-02-22,405.4272155761719,406.5893706886108,402.393788153555,403.98929433440406,27009900
2024-02-23,404.13702392578125,409.5735691126935,402.7877385663373,409.38646893086735,16295900
2024-02-26,401.37933349609375,405.92948936303003,401.20203166596815,405.24005905629645,16193500
2024-02-27,401.3202819824219,402.14758039730725,397.74515057992284,401.82255205730473,14835800
2024-02-28,401.556640625,403.1127430930959,399.1929265964819,402.00967855020446,13183100
2024-02-29,407.38714599609375,407.93867824413843,399.7838456551883,402.4627294555139,31947300
2024-03-01,409.2190246582031,409.58342668223145,404.66886847100426,405.0529573414313,17823400
2024-03-04,408.64776611328125,411.0410251668183,406.0870636846248,407.19012810158426,17596000
2024-03-05,396.5632019042969,407.9878526735756,394.58360717326707,407.70222813887517,26919200
2024-03-06,396.01171875,399.03531766594347,392.36766860816914,396.87842085481464,22344100
2024-03-07,402.9552001953125,403.58550992875143,396.15948083378726,399.98083315410713,18718500
2024-03-08,400.0793151855469,404.21583727335775,398.2178712291556,401.793002594602,18002200
2024-03-11,398.4049987792969,399.5474670630361,395.19429952187465,397.65650787745375,16120800
2024-03-12,409.0023193359375,409.28794389731524,400.64067006988586,401.4581099515854,22457000
2024-03-13,408.8250732421875,411.85850065118984,405.2302551257752,411.7797232101297,17115900
2024-03-14,418.7921142578125,421.3528170705886,411.6713965625505,413.88738417925487,34157300
2024-03-15,410.1251220703125,416.2116937258995,406.54999083820695,412.95173236718284,45079900
2024-03-18,411.01153564453125,414.3699915467621,407.52504009505543,407.98793648172665,20106000
2024-03-19,415.0397033691406,415.2957826626085,409.26827120822617,411.5138040831413,19837900
2024-03-20,418.8019104003906,419.5208559286198,414.3009867861631,415.6207267192323,17860100
2024-03-21,422.87933349609375,424.3074262893576,420.7027498405441,423.3323713938263,21296200
2024-03-22,422.2588806152344,423.36194516542855,419.62925888508494,423.2043902779049,17648500
2024-03-25,416.4677734375,420.94901086959675,415.23666920718586,418.81180070101897,18060500
2024-03-26,415.2760314941406,419.55042134825453,414.98057853086766,419.17616089060704,16725600
2024-03-27,415.05938720703125,418.0337541903471,412.67598630724365,418.0238957387452,16705000
2024-03-28,414.3600769042969,415.49268661622915,412.7842577129666,414.5964392633085,21871200
2024-04-01,418.15191650390625,421.42173632509054,415.8374347010724,417.5412936572551,16316000
2024-04-02,415.0692443847656,415.9950371448598,411.52365828826186,413.7593326884334,17912000
2024-04-03,414.0942077636719,416.8617275140834,412.75475080677563,413.3850905644336,16502300
2024-04-04,411.56304931640625,422.1899488258563,411.2577378896696,418.5655553413228,19370900
2024-04-05,419.0875549316406,420.0626098925823,411.99641280038685,413.6608680769513,16554800
2024-04-08,418.171630859375,420.820969557038,416.9011228829619,418.7428800514856,14272400
2024-04-09,419.8360595703125,421.27398079875763,415.24649970194963,419.9936445079337,12496900
2024-04-10,416.8616943359375,417.62004361877445,413.3555123677214,415.8078620441207,16216600
2024-04-11,421.4610900878906,422.8793243997448,415.9752830660833,419.3830008173104,17966400
2024-04-12,415.52227783203125,418.75269400595073,413.4244714952131,417.6397710155257,19253800
2024-04-15,407.38714599609375,420.36790078356154,407.18029886088704,420.15122525352587,20273500
2024-04-16,408.3129577636719,412.0752196666805,407.47583089609077,408.30312936766086,16765600
2024-04-17,405.6144104003906,412.5479985427608,404.127226721707,410.94263365501126,15855500
2024-04-18,398.15875244140625,405.66358827577534,397.8436126348303,404.4226257260466,21029900
2024-04-19,393.0866394042969,399.35051316442866,391.7570408652649,397.9224202787546,30565800
2024-04-22,394.8988037109375,396.7602475945419,389.76757007965125,394.0321015888098,20286900
2024-04-23,401.4089050292969,402.0293863346637,396.9670716039761,398.1292267170022,15734500
2024-04-24,402.8763427734375,406.2347982871372,400.6308101493401,403.36878440202247,15065300
2024-04-25,393.0078125,393.84496925671834,382.1642385201122,388.0735378998874,40586500
2024-04-26,400.17779541015625,406.7568087350332,399.6262631587446,405.9393688090581,29694700
2024-04-29,396.1693420410156,400.1778246357648,393.1556012841848,399.1239921991836,19582100
2024-04-30,383.4446105957031,396.0806804506466,383.2870557136592,395.4207954000411,28781400
2024-05-01,388.96978759765625,395.64729473492514,384.40977340635925,386.6749928264685,23562500
2024-05-02,391.8259582519531,393.88436068854867,388.68417820234623,391.6486864760746,17709400
2024-05-03,400.5126647949219,400.9952480161036,395.7852067038653,396.1988709336313,17446700
2024-05-06,407.28863525390625,407.67272409935384,400.2270089943109,402.5808944329267,16996600
2024-05-07,403.15216064453125,408.4016059107325,402.9059397986261,408.3917474588945,20018200
2024-05-08,404.33404541015625,405.9985007851847,400.5619251010656,401.99987652676015,11792300
2024-05-09,406.0870666503906,406.48101393700307,402.9157414003457,404.36352097224125,14689700
2024-05-10,408.470458984375,409.1007986751684,405.5748998993257,406.6976812024574,13402300
2024-05-13,407.4659729003906,412.0259879795319,404.60981697138146,411.6911312208729,15440200
2024-05-14,410.26300048828125,411.1789347782618,405.3287253515243,405.79162172220066,15109300
2024-05-15,417.4360046386719,418.15627711467357,411.7035137509103,412.32511422725236,22239500
2024-05-16,415.3739013671875,419.7448271840896,414.74245474989345,416.1730933998144,17530100
2024-05-17,414.60430908203125,417.2781788386251,412.4533979292135,416.903243294278,15352200
2024-05-20,419.6658935546875,421.0768099021397,414.3872573782501,414.6043237478942,16272100
2024-05-21,423.3164978027344,427.1940633042462,419.1823911367933,421.1359581260157,21453300
2024-05-22,424.7767639160156,426.6415653807663,421.43200286988593,424.35250743086516,18073700
2024-05-23,421.3037414550781,427.81570226312846,419.7448321943187,427.19410176133954,17211700
2024-05-24,424.42156982421875,425.30955759417924,418.7482761527639,421.49118910602255,11855300
2024-05-28,424.5794677734375,425.07279769134385,420.9090919797955,423.8986700778892,15718000
2024-05-29,423.4447937011719,425.1911706830153,420.0112068053538,420.0112068053538,15517100
2024-05-30,409.1382141113281,418.639722265152,408.7139275324575,418.639722265152,28394500
2024-05-31,409.5920715332031,411.19045552886206,399.1137496856911,411.19045552886206,47995300
2024-06-03,408.0035400390625,410.8747236026411,403.4649291544174,409.9867358256656,17484700
2024-06-04,410.51953125,410.88459054146256,404.21476096620233,406.9280752908703,14348900
2024-06-05,418.3536376953125,418.42268099839066,410.746468843911,412.23633479956106,16988000
2024-06-06,418.8568115234375,419.63628120393724,414.96936946485204,418.35363549566944,14861300
2024-06-07,418.19573974609375,420.5933157045514,417.3570729391347,420.51439617340435,13621700
2024-06-10,422.162109375,422.36929949498546,418.2352227759558,419.0344147777948,13982900
2024-06-11,426.9079895019531,427.04613633813017,419.57711382264057,419.80405643473006,14551100
2024-06-12,435.17620849609375,437.4849890244905,427.4703971671916,429.51279036516684,22366200
2024-06-13,435.689208984375,437.4750908737884,433.508699318619,434.9689666213265,15960600
2024-06-14,436.666015625,437.22841891267086,430.89405002785384,432.43323683903066,13582000
2024-06-17,442.3886413574219,444.92436422206765,434.84070005199675,436.68574902549324,20790000
2024-06-18,440.3857116699219,444.1350368072149,438.95507309068336,443.7107502283828,17112500
2024-06-20,439.7543029785156,440.5732173975681,435.383377000911,440.3462747944722,19877400
2024-06-21,443.77984619140625,444.569161991758,440.5534794666223,441.4118686798834,34187100
2024-06-24,441.6979675292969,446.7101856291095,440.4547666539863,443.79952742787026,15913700
2024-06-25,444.9342346191406,445.3979659147229,440.7902515475345,442.27024120018433,16413400
2024-06-26,446.1280517578125,447.54884412889345,442.21101156026344,443.01020350518843,16507000
2024-06-27,446.80889892578125,450.08461670642896,445.74328947401983,446.1478236075156,14806300
2024-06-28,440.9875793457031,449.305113661538,440.45477465939115,447.02593208902044,28362300
2024-07-01,450.6370849609375,451.2685314965591,439.714755113794,442.6747341437756,17662800
2024-07-02,453.153076171875,453.45893827703065,447.0653724350894,447.15419830732895,13979800
2024-07-03,454.62322998046875,454.86989493305913,451.7717987859675,452.07766091834213,9932800
2024-07-05,461.3226013183594,462.1020709028193,452.8471982115864,453.4786447544731,16000300
2024-07-08,460.0202331542969,461.4607780718062,458.26398000009,460.326095268591,12962300
2024-07-09,453.40960693359375,461.09566431646033,451.89014256478214,460.77007986409006,17207200
2024-07-10,460.0301513671875,460.2373415030919,452.7387206812327,455.06725356597207,18196100
2024-07-11,448.63421630859375,458.57973369334036,445.5262138972975,456.8037581244286,23111200
2024-07-12,447.49951171875,450.2720231711714,444.6382045032453,448.2691051092715,16324300
2024-07-15,447.9040222167969,451.1600172439033,445.40777441791397,447.2528232113756,14429400
2024-07-16,443.5233154296875,448.23954820722287,440.7014827721708,448.1606286695201,17175700
2024-07-17,437.6033630371094,438.9156374910901,433.32126292871686,436.68577660898285,21778000
2024-07-18,434.4953308105469,438.7182331565263,428.60497114914784,438.41237105587203,20794800
2024-07-19,431.2788391113281,435.2551069043024,426.23702212212055,427.3223538949878,20940400
2024-07-22,437.03106689453125,438.6689256733767,433.05482935357276,435.89641421757136,15808800
2024-07-23,438.9156188964844,442.40840302613475,437.1889642431626,437.9782800404941,13107100
2024-07-24,423.1783752441406,435.5905721860423,421.88585333621705,434.5743138131604,26805800
2024-07-25,412.8184814453125,424.0663978828946,411.94036982301,423.0797380180107,29943800
2024-07-26,419.5968017578125,423.19813411147953,411.7035233681291,412.6211398648851,23583800
2024-07-29,421.037353515625,426.3850328487882,419.0344352964457,425.8226295279651,15125800
2024-07-30,417.2781677246094,423.32636688783225,411.7923116419938,422.0141226280364,32687600
2024-07-31,412.76910400390625,416.1533396507724,406.7109988096176,414.8904164009859,42891400
2024-08-01,411.5456237792969,421.75755796351626,407.57926252131097,415.1765544542287,30296400
2024-08-02,403.0406188964844,409.46378330120876,398.9459870855653,406.98725777167675,29437900
2024-08-05,389.87860107421875,395.6900415573509,380.43625987349014,383.9783949357412,40709200
2024-08-06,394.27911376953125,400.2582999432438,393.18393582915473,394.6639255499671,24946500
2024-08-07,393.11480712890625,404.6093863218842,392.1676222717273,403.1886240913476,20650900
2024-08-08,397.3180236816406,400.4457182788044,394.6047093244423,397.07135874007713,20203000
2024-08-09,400.60357666015625,402.6064947272633,396.89375651412195,398.64013341356633,19276700
2024-08-12,401.383056640625,403.30705522680034,398.84733381774834,401.6297215819056,16762900
2024-08-13,408.4870300292969,409.41449264240543,404.10625814496586,404.1259805010332,19414300
2024-08-14,411.2989807128906,412.14752377963794,406.9478375879701,409.26646397851016,18267000
2024-08-15,416.162109375,416.2411711538097,412.8310776655769,414.94631960204117,20752100
2024-08-16,413.6316833496094,416.46849580465874,412.4751975268654,415.7370612802868,22775600
2024-08-19,416.6563415527344,416.8737991572246,411.6449527797598,414.11604821044875,15234000
2024-08-20,419.8885192871094,420.93626132598814,416.7650812391523,416.82438511571235,16387600
2024-08-21,419.2361755371094,421.4700252660244,416.8441419181339,419.1768414959673,16067300
2024-08-22,410.7454833984375,421.8555493177983,409.8163490739685,419.45362155809136,19361900
2024-08-23,411.97113037109375,414.41257372157986,407.32545916499066,412.15893602611095,18493800
2024-08-26,408.70928955078125,412.4554786638681,406.58415351672016,411.55599630876077,13152800
2024-08-27,409.05523681640625,409.5692137906275,405.5067475085558,408.0865565785304,13492900
2024-08-28,405.8526916503906,410.201813276276,402.60072184118246,410.0832055301203,14882700
2024-08-29,408.3435363769531,417.17028122626607,405.85268326493673,410.142500929111,17045200
2024-08-30,412.3171081542969,412.663037378181,407.3650233246306,410.7949049431994,24308300
2024-09-03,404.7060852050781,415.0253810540411,402.32394584007614,413.07815685238506,20313600
2024-09-04,404.1723327636719,406.48527429622453,399.6947093805116,401.21691249953295,15135800
2024-09-05,403.66827392578125,408.32380920500026,401.43439403542544,402.90715723849786,14195500
2024-09-06,397.0556335449219,405.9021372589665,396.16601504088436,404.3305241544344,19609500
2024-09-09,401.02911376953125,403.9252302108811,397.5003824546475,402.5315288470681,15295100
2024-09-10,409.4111328125,411.5164809342579,402.98628422521625,403.480503347315,19594300
2024-09-11,418.1488952636719,419.08789343392027,404.84449566929334,410.6960629554886,19266900
2024-09-12,422.0630798339844,422.42879711427406,414.89690341994134,418.415740735589,17395700
2024-09-13,425.6116027832031,426.83725650385696,420.5409099686256,420.90662727786975,15874600
2024-09-16,426.3529052734375,428.517587221267,423.2689830915265,425.6214706998335,13834700
2024-09-17,430.118896484375,436.74144479493674,427.2721895110558,435.1401796636301,18874200
2024-09-18,425.8290710449219,430.9887198071655,425.43370178624906,429.97062963783105,18898000
2024-09-19,433.6179504394531,436.3954593302787,431.84863763952944,436.1285918792357,21706600
2024-09-20,430.2374572753906,434.1615578880838,429.1996092968504,432.1649237095232,55167100
2024-09-23,428.4978332519531,431.41370770372646,425.4139110417271,429.2589197702658,15128900
2024-09-24,424.2080383300781,428.33970279345715,421.17352579677157,427.9937433882553,17015800
2024-09-25,427.114013671875,428.11234590086275,423.6149641825675,424.8603757953974,13396400
2024-09-26,426.3232727050781,430.2671314248125,424.1684846935021,430.0595678513369,14492000
2024-09-27,423.0712890625,426.85702409572957,422.52766014209345,426.5308226116947,14896100
2024-09-30,425.32489013671875,425.44352804368714,420.45189768334603,423.2590581868764,16807300
2024-10-01,415.8260803222656,423.52602256028683,413.96781162828705,423.49637062005274,19092900
2024-10-02,412.30718994140625,417.93140514988795,411.89203266645677,417.6941594936009,16582300
2024-10-03,411.7240905761719,414.69926929402027,409.5001044408845,412.8014846841642,13686400
2024-10-04,411.2495422363281,414.89688113885154,410.172148356534,413.40432999591644,19169700
2024-10-07,404.8049621582031,412.287415913181,404.2711971193028,411.190264062665,20919800
2024-10-08,409.9151611328125,410.8541894054543,403.45079759655545,406.1492143378804,19229300
2024-10-09,412.6333923339844,415.51964507918063,409.50992407936405,411.051885220099,14974300
2024-10-10,411.0320739746094,412.5246250787664,408.37317321416026,410.4291412448218,13848400
2024-10-11,411.5065612792969,412.3071937353824,408.4720490414364,411.3286496589972,14144900
2024-10-14,414.2939453125,419.1372858012014,412.6926503077809,412.9397598241915,16653100
2024-10-15,413.8985900878906,417.5953693595967,410.4588445581101,417.29881980944174,18900200
2024-10-16,411.3088684082031,411.5460839058675,405.7340930599272,410.36987028679,15508900
2024-10-17,411.9019470214844,417.61511832115826,410.78500708577025,417.4767225011017,14820000
2024-10-18,413.3252868652344,414.79805000770625,411.447260474788,412.31709084461266,17145300
2024-10-21,413.9381103515625,414.1160219717621,408.9662678666254,411.30886136013186,14206100
2024-10-22,422.5672302246094,425.6017126142665,413.20671913798,413.65149823512496,25482200
2024-10-23,419.69085693359375,426.0959170295647,417.64478266305224,425.8784594235447,19654400
2024-10-24,419.8193664550781,421.0549142018695,417.51628856280456,420.41240524174606,13581600
2024-10-25,423.19976806640625,427.5192377532194,421.63804913504384,421.8258547879259,16899100
2024-10-28,421.6578369140625,426.94598717649535,421.3711813975522,426.669225694439,14882400
2024-10-29,426.9558410644531,428.16173672961014,420.8769227357868,423.05149857942604,17644100
2024-10-30,427.52911376953125,433.43009020652653,427.1040926423887,432.3823482739382,29749100
2024-10-31,401.65185546875,411.3484314804884,401.60241546152275,410.55766284750285,53971000
