Date,Close,High,Low,Open,Volume
2018-01-02,53.25809860229492,53.39556020053394,52.25617025270984,52.25617025270984,31766000
2018-01-03,54.16673278808594,54.39401559956042,53.2690166056818,53.293826858111245,31318000
2018-01-04,54.377140045166016,54.79002080218762,54.30270550308476,54.44314296338079,26052000
2018-01-05,55.09819412231445,55.26146171123271,54.67687795009025,54.75875973348972,30250000
2018-01-08,55.292724609375,55.53836996467042,55.08380433455561,55.133428626287504,24644000
2018-01-09,55.222251892089844,55.50263459976359,54.99447312387298,55.50263459976359,26808000
2018-01-10,55.09075164794922,55.2217617465006,54.78506268002627,54.93492751056001,20734000
2018-01-11,55.18553161621094,55.32448113496427,54.90912051224298,55.19843461239381,22424000
2018-01-12,56.10856246948242,56.14081617656425,54.985051398298886,55.08876756824838,38586000
2018-01-16,56.11103820800781,57.01322191950671,55.910553359462554,56.587934163341046,36462000
2018-01-17,56.527889251708984,56.538804550276275,55.753240015475136,56.39191560177984,27830000
2018-01-18,56.372562408447266,56.60182911673487,55.80137765608824,56.540293788359044,27498000
2018-01-19,56.74624252319336,56.76013747627442,56.200367743826874,56.474794960223306,30552000
2018-01-22,57.77149963378906,57.906481347709565,56.662875417430044,56.762127791221864,29550000
2018-01-23,58.367488861083984,58.483612044433706,57.92483429799457,58.092069703809194,39138000
2018-01-24,58.12532043457031,58.907413177364646,57.93227903128399,58.804688966213476,37128000
2018-01-25,58.663753509521484,58.80568269348987,58.15261611382517,58.59279081058267,29984000
2018-01-26,58.93272399902344,58.93272399902344,57.96354908408981,58.93123606528734,42170000
2018-01-29,58.879127502441406,59.45080826013059,58.75903270702499,58.954557786460356,31494000
2018-01-30,58.427040100097656,58.9510804641053,58.28511092397453,58.44441068350131,37338000
2018-01-31,58.667720794677734,58.871185296619764,58.165514824076666,58.746622920105196,36022000
2018-02-01,58.63645935058594,58.927265193905875,58.02954521955925,58.35856029058407,73514000
2018-02-02,55.54035186767578,56.140814483925396,55.14186204237714,55.94826905865259,117842000
2018-02-05,52.721153259277344,55.33143180962722,52.440774316330746,54.61782187208808,83550000
2018-02-06,53.814884185791016,53.961277149658265,51.11428875909252,51.31130174900086,76630000
2018-02-07,52.3747673034668,53.91909841373883,52.3355623378705,53.84168422430885,51942000
2018-02-08,50.007659912109375,52.79757719506311,49.85828727297066,52.596100374751174,66792000
2018-02-09,51.921199798583984,52.19165540867319,49.476172649737094,50.909344316180636,98360000
2018-02-12,52.33258819580078,52.87895891252558,51.882490187723185,52.437296314030576,56240000
2018-02-13,52.31174850463867,52.66309393318882,51.953455599699886,52.106300080249994,31586000
2018-02-14,53.2327880859375,53.370249682886836,52.09637780222555,52.3206809627639,41304000
2018-02-15,54.158790588378906,54.294764243227036,52.96133723775234,53.76625629569793,37396000
2018-02-16,54.36423873901367,54.99993469208462,54.1682176895131,54.25903085622459,39948000
2018-02-20,54.76570510864258,55.39594152717007,54.09130015779495,54.2282657694196,33754000
2018-02-21,55.2698974609375,56.38398115658834,54.960236887413046,55.03914280401336,41486000
2018-02-22,55.07883834838867,55.85100395495353,54.843120133455834,55.53886350117299,28010000
2018-02-23,55.98152160644531,56.026682098026,55.006391193169385,55.5135569921039,25292000
2018-02-26,56.756168365478516,56.78097861765138,56.04355037921634,56.168604954108694,30912000
2018-02-27,55.456485748291016,56.78346128607395,55.4207564112541,56.75616735890439,42964000
2018-02-28,54.78207778930664,55.95968063001899,54.73642511129295,55.67929791953784,49292000
2018-03-01,53.16877365112305,55.146828152317056,52.964317175280286,55.06097854323342,55338000
2018-03-02,53.800498962402344,53.936968598314685,52.11175868044733,52.50230528478262,50162000
2018-03-05,54.3275146484375,54.64610659754565,53.21144708473962,53.50225291516991,28648000
2018-03-06,54.6322135925293,54.86694364392529,54.31461358782907,54.6917650131946,23382000
2018-03-07,55.33391189575195,55.391479404261325,54.08683420927705,54.23124327929116,30748000
2018-03-08,56.04553985595703,56.14776430734299,55.44110560536582,55.44110560536582,33862000
2018-03-09,57.60673522949219,57.61467466095469,56.289190932292925,56.547735470066755,42662000
2018-03-12,57.85933303833008,58.46624715991599,57.52535440754589,57.81566048237289,44306000
2018-03-13,56.568084716796875,58.458305561520525,56.30308866796422,58.15211684765045,43140000
2018-03-14,57.01372146606445,57.553144739239166,56.68917398475328,56.86038100642698,41870000
2018-03-15,57.09907150268555,57.68911477146329,56.35717950356119,57.04746330353441,33382000
2018-03-16,56.295650482177734,57.406754575910874,56.14379794872815,57.33430394062387,58656000
2018-03-19,54.59102249145508,55.548782178998444,54.03770054047427,55.468888101777054,63656000
2018-03-20,54.379127502441406,54.86297095428456,53.715141858503905,54.508149898872496,54598000
2018-03-21,54.28980255126953,55.01929135299701,53.95284805576338,54.21883985425081,44898000
2018-03-22,52.26261520385742,53.78957571607382,52.08842854679746,53.59554237358972,69312000
2018-03-23,50.94259262084961,52.93900961222988,50.85922290334337,52.17428743778185,49880000
2018-03-26,52.30926513671875,52.56632555070059,50.15008032860988,52.13607420386283,65984000
2018-03-27,49.96944046020508,52.82784397083302,49.50693545745029,52.7960824594576,60816000
2018-03-28,49.882102966308594,50.8651765277223,48.83104636258187,49.719831124387454,77698000
2018-03-29,51.46812057495117,52.00953154308469,49.825532702903686,50.181345719506616,69338000
2018-04-02,50.25181198120117,51.58672696755063,49.33970488229298,50.99569171418106,65068000
2018-04-03,50.552040100097656,50.86567226945512,49.48857648250298,50.42648955121837,51322000
2018-04-04,51.09940719604492,51.24977178426137,49.45185579622921,49.53720942273687,50724000
2018-04-05,51.244808197021484,51.943031453160124,50.816048581015046,51.927152589186726,35836000
2018-04-06,50.11882019042969,51.411550611883996,49.93520614397591,50.77138701791852,40134000
2018-04-09,50.62201690673828,51.837829076941425,50.57784837233873,50.61953323122258,33220000
2018-04-10,51.43635559082031,51.67008986636601,50.38976290395914,51.126695063362504,36620000
2018-04-11,50.868648529052734,51.40509591777414,50.57784648349582,51.213046472913256,34060000
2018-04-12,51.475563049316406,51.84080342477513,50.91778103567387,51.18674869899539,32896000
2018-04-13,51.41352844238281,52.25417680406173,51.12123847962914,51.95196349844492,25410000
2018-04-16,51.91276168823242,52.17726176373882,51.30832746807676,51.88546776108672,29776000
2018-04-17,53.56328582763672,53.8431725590033,52.45813740388683,52.66209787876608,54584000
2018-04-18,53.36627960205078,53.69429891878459,53.12460586736447,53.5459220284732,31126000
2018-04-19,54.06401062011719,54.46398840232525,53.050171211161896,53.050171211161896,39884000
2018-04-20,53.46205520629883,54.32701787255593,53.20301089344784,53.80694912151603,42434000
2018-04-23,53.28786849975586,53.99205104578485,52.93404319728805,53.74293007635519,69590000
2018-04-24,50.74855422973633,52.825361079462205,50.26322288146992,52.5628449336861,128220000
2018-04-25,50.76593017578125,51.41502514411271,50.469168811542865,51.10139295954509,57860000
2018-04-26,51.77430725097656,52.20654249096749,50.63987715748192,51.27358920536428,50926000
2018-04-27,51.18574905395508,52.19065693422967,50.99419938611895,51.88496800135182,40746000
2018-04-30,50.547080993652344,51.5291588217463,50.53318604113238,51.333141552859146,34492000
2018-05-01,51.64726257324219,51.69589490391238,50.15156379055698,50.43393040958253,35326000
2018-05-02,50.91777801513672,51.80755468977172,50.774360911179585,51.3122962059113,34698000
2018-05-03,50.9301872253418,51.14804267801984,50.016592148829915,50.88403856416642,39282000
2018-05-04,52.15592575073242,52.19959830782419,50.5207812945636,50.598195492643825,36892000
2018-05-07,52.57575607299805,52.85067927939502,52.11970249067856,52.29934493286772,34400000
2018-05-08,52.5325813293457,52.86209238246906,52.187687389366474,52.831818800559255,26030000
2018-05-09,54.039188385009766,54.289797272827684,52.70725318275452,52.80600956161968,47160000
2018-05-10,54.85900115966797,55.05452624445205,54.283848541119106,54.3394283533808,36414000
2018-05-11,54.755287170410156,55.03467796260331,54.44959819079562,54.607902223686914,30504000
2018-05-14,54.91508102416992,55.48824973417262,54.825755784553216,54.86396501263832,39338000
2018-05-15,53.83672332763672,54.543881746468614,53.53450622248291,54.4337140839432,35738000
2018-05-16,53.79801559448242,54.30866078186636,53.67594067435831,53.84764367043649,25628000
2018-05-17,53.65757369995117,54.140921133956766,53.417387916442266,53.667500828757746,25738000
2018-05-18,53.0809326171875,53.28390114509069,52.83479508491653,52.90029823739565,35482000
2018-05-21,53.79404830932617,54.255065425365196,53.49580280320083,53.545427093560406,25180000
2018-05-22,53.3623046875,54.180622685243264,53.21094815326825,54.08137411260522,22226000
2018-05-23,53.890811920166016,53.99204818894089,52.947935347860096,53.09879590231627,23740000
2018-05-24,53.86550521850586,53.948378954377326,53.212938438795966,53.937463655345056,20604000
2018-05-25,53.79751968383789,54.0699629796909,53.72407709774085,53.9200943680781,22224000
2018-05-29,53.003021240234375,53.661547311615664,52.755391993922906,53.396547482289485,36076000
2018-05-30,53.46949768066406,53.54492796055853,52.927590769477206,53.27149272267977,28686000
2018-05-31,54.58755111694336,55.083801581642845,53.495801609040726,53.69429876604806,79368000
2018-06-01,56.324432373046875,56.48124847173207,55.183550673891844,55.226231276525375,63202000
2018-06-04,57.219661712646484,57.45885554772864,56.42367406068971,56.4981123846296,44754000
2018-06-05,57.119422912597656,57.619645014579035,56.94276012999267,57.30006109053783,32964000
2018-06-06,56.917449951171875,57.30254081706033,56.389937708237184,57.20626810058822,34934000
2018-06-07,56.295650482177734,56.863855644801475,55.88376165416387,56.799840420019244,36108000
2018-06-08,56.210784912109375,56.512006260969756,55.740336682529886,56.136346589586196,27284000
2018-06-11,56.617210388183594,56.95664853332132,56.14577398873393,56.22219622265105,24796000
2018-06-12,56.97897720336914,57.00676710578704,56.623164227983324,56.623164227983324,26092000
2018-06-13,56.78246307373047,57.34868804339596,56.7402822401383,57.18194483432741,34302000
2018-06-14,57.57051086425781,57.862304852280296,57.09857469445111,57.17847256040723,35422000
2018-06-15,57.528831481933594,57.759090164402316,57.2519243750655,57.56108518921858,44438000
2018-06-18,58.73521423339844,58.762508160811514,57.11842858976017,57.202294283493984,33038000
2018-06-19,58.49254608154297,58.69699875352033,57.64495021983217,58.06676234623113,47282000
2018-06-20,58.759525299072266,59.62399575518171,58.658292813107096,58.721316074434654,51686000
2018-06-21,58.03351593017578,59.07018163238132,57.737750312571556,58.830991567764976,44966000
2018-06-22,58.02607345581055,58.30943205905109,57.5476857463178,58.13524916841904,34220000
2018-06-25,56.536827087402344,57.366060483234236,55.575091871407416,57.316932168851984,57682000
2018-06-26,56.20631790161133,56.91347250760406,56.026675484476755,56.777998621035415,34688000
2018-06-27,55.428199768066406,56.88072585384283,55.41628872704481,56.3740522795533,34538000
2018-06-28,55.91651153564453,56.27480443799909,54.88877722932603,55.20240562030966,29726000
2018-06-29,56.036102294921875,56.64004049854666,55.92841831292961,56.19093446015546,31562000
2018-07-02,56.6772575378418,56.7209300899571,54.915074792602226,55.34929392194769,23216000
2018-07-03,55.39544677734375,57.06433659696129,55.30364165172733,57.040022322930085,16448000
2018-07-05,56.636566162109375,56.77799935679493,55.73487843376797,55.80832480232201,28594000
2018-07-06,57.320899963378906,57.37647977280669,56.435587049351156,56.66038996246997,21820000
2018-07-09,57.92632293701172,57.95858042891574,57.427592580668914,57.5650541720491,21584000
2018-07-10,57.91937255859375,58.23498862729828,57.69208976522985,58.060805751925564,21334000
2018-07-11,58.133758544921875,58.57938897670396,57.3352909750362,57.347694207729944,33252000
2018-07-12,59.61258316040039,59.64880847515142,58.215140910265625,58.302482234052356,44148000
2018-07-13,59.7693977355957,60.06813920593165,59.316320072410456,59.68900389007117,32612000
2018-07-16,59.376869201660156,59.98229541887789,59.222532993849015,59.739129947312826,26784000
2018-07-17,60.19915008544922,60.481020740249086,58.656802808962865,58.69352788722529,40162000
2018-07-18,60.19071578979492,60.621459318789775,59.77634710269954,59.97335632772588,38948000
2018-07-19,59.50539779663086,60.36788062933353,59.43741096490853,59.88006555184665,38338000
2018-07-20,59.44485092163086,60.084518489559265,59.38083191678865,59.5123417714929,37938000
2018-07-23,60.09592819213867,60.29939269211473,59.15354756632844,59.334681704918964,65446000
2018-07-24,62.43575668334961,63.271937548420865,61.74050926143322,63.07343659497237,107600000
2018-07-25,63.31858825683594,63.432723753574464,61.98416915539684,62.16133170760561,51104000
2018-07-26,63.79299545288086,63.88728424784716,62.676431965043435,62.883864285097005,54686000
2018-07-27,62.17472457885742,64.08776798099251,61.757872223898254,63.97264053973768,48362000
2018-07-30,61.04079055786133,62.17472467751857,60.749492537052284,61.78566222653327,43896000
2018-07-31,60.900848388671875,61.59510380491476,60.35348571191414,61.12366360109108,39382000
2018-08-01,61.18718719482422,61.8278429337004,60.7877054234707,61.490892233737846,36994000
2018-08-02,61.59113311767578,61.75390472318255,60.446283694807484,60.46811807908729,34704000
2018-08-03,61.44375228881836,61.858616976120445,61.0100290831596,61.79211807702051,21264000
2018-08-06,61.419429779052734,61.65713568765559,61.065108495658905,61.61495485292469,22114000
2018-08-07,62.32111740112305,62.8292789004648,62.12063254905667,62.13105187020725,42506000
2018-08-08,62.59355926513672,63.10916042064244,62.136509998412244,62.3647847498049,34344000
2018-08-09,62.7488899230957,63.12107779586632,62.53252619053932,62.663040313567365,27326000
2018-08-10,62.15586471557617,62.58710799135155,61.89037269412618,62.48686367419553,26602000
2018-08-13,61.96382141113281,62.823824372478335,61.883927322299485,62.09086368915397,27500000
2018-08-14,62.43526077270508,62.556839719929016,61.51223455635257,62.155374011571254,28080000
2018-08-15,61.14897918701172,62.12956914544251,60.8522215999579,61.74745792622604,37052000
2018-08-16,60.74403762817383,61.71867584838752,60.52419826363136,61.63381440833147,32176000
2018-08-17,60.33661651611328,60.88745487334272,59.74856088586463,60.64379721083768,33092000
2018-08-20,60.63932418823242,60.835841215995266,59.98179384989175,60.57530896994104,22218000
2018-08-21,60.414024353027344,61.17577060671646,60.29591726151543,60.692423155818,23082000
2018-08-22,60.6294059753418,60.86661213785462,60.206102090394054,60.25572638286765,22296000
2018-08-23,60.600128173828125,61.29537564851175,60.51030694937163,60.5366089240091,24666000
2018-08-24,61.373775482177734,61.40602918665708,60.61302118521179,60.84030398056331,24454000
2018-08-27,62.34245681762695,62.42185870960041,61.56880327920677,61.7405062738133,28580000
2018-08-28,61.82586669921875,62.356854605389756,61.682449571681204,62.32410113204426,27330000
2018-08-29,62.75831604003906,62.883374403694425,62.170260424315934,62.279436137263346,36926000
2018-08-30,62.251644134521484,62.998499729534956,61.89285525641738,62.69628261755369,30104000
2018-08-31,61.12813186645508,62.15785005739838,60.827898672018804,62.14097923791253,42308000
2018-09-04,60.11131286621094,60.933106536119695,59.87559465480536,60.667610722556915,41458000
2018-09-05,59.50539779663086,60.28798275608987,58.32630312437928,60.0076000189941,53988000
2018-09-06,58.75556182861328,59.49993755136597,57.74420234710536,59.479095121995066,46854000
2018-09-07,58.43796920776367,58.981860137760876,58.02508839123759,58.160562306222516,32658000
2018-09-10,58.312408447265625,58.888060833037734,58.09157713064064,58.7659821220933,27670000
2018-09-11,59.05331039428711,59.1004547950646,57.86032458865066,58.115893279726976,29254000
2018-09-12,58.140708923339844,59.088049407654154,57.87074550815637,58.65680609849579,35716000
2018-09-13,58.663753509521484,58.94761187745826,58.02259797135822,58.542670541225995,40068000
2018-09-14,58.457313537597656,58.95455976983742,58.23598624293688,58.95455976983742,24176000
2018-09-17,57.556617736816406,58.64787125247181,57.48863090914022,58.44689042269163,34096000
2018-09-18,57.917884826660156,58.62355529006376,57.63601418079308,57.697053530585144,32314000
2018-09-19,58.27320098876953,58.37244956165492,57.49656784392959,58.009692885303814,25962000
2018-09-20,59.131717681884766,59.252308457504725,58.37146309251431,58.590806472463655,29244000
2018-09-21,58.166507720947266,59.38033591795316,58.163531853788456,59.29795816013988,91222000
2018-09-24,58.53572463989258,58.81511164217117,57.143245857433044,57.535780184838615,31150000
2018-09-25,59.24684524536133,59.394230175900375,58.26426768349623,58.768461353859074,33152000
2018-09-26,59.25528335571289,59.90934187569553,58.82553177694905,59.236924602097055,37650000
2018-09-27,59.9152946472168,60.386731062528824,59.45328559721843,59.55005428398629,36274000
2018-09-28,59.90140914916992,59.96939598678259,59.442375893846965,59.75302845345918,35612000
2018-10-01,59.97335433959961,60.75097946474196,59.708358294227565,60.19518138123791,33164000
2018-10-02,59.92919158935547,60.76686413751253,59.53318544167417,59.88105523330002,40180000
2018-10-03,60.12223434448242,60.25374041879871,59.6567496374838,60.14555666318422,26246000
2018-10-04,58.41215515136719,59.84284309311647,57.756112718630625,59.79967030122548,46576000
2018-10-05,57.95362091064453,58.65680778061668,57.283187512731836,58.35905823684474,31852000
2018-10-08,57.362586975097656,58.35210828288025,56.34428001970252,57.565055747605335,46190000
2018-10-09,56.8291130065918,57.64197150133537,56.779488717873775,57.13381000113279,33690000
2018-10-10,54.19849395751953,56.42467363442066,54.16623646486712,56.3939040754082,58980000
2018-10-11,54.128021240234375,55.38453003561712,53.3910890068607,53.547409112755275,67696000
2018-10-12,55.60685348510742,55.86936966423178,54.340917228377016,55.56218897171443,49370000
2018-10-15,54.708641052246094,55.6693805237119,54.499221011714134,55.48080669913585,30074000
2018-10-16,56.229148864746094,56.39241645434236,55.17064876899754,55.256498375798905,38378000
2018-10-17,55.95671081542969,56.91993017765602,55.28230581823897,56.57255634610747,35652000
2018-10-18,54.48383712768555,56.19292391752789,53.9096764680673,56.0763047507784,46152000
2018-10-19,54.8446159362793,55.627204762565206,54.440174321626536,54.77166931813981,41286000
2018-10-22,55.15178680419922,55.66391611788438,54.58754952735813,55.208358568020756,27116000
2018-10-23,55.32746505737305,55.48080931426433,53.54592751869151,54.15532157854518,37686000
2018-10-24,52.459632873535156,55.41232567743511,52.35740463248994,55.331931822749944,49286000
2018-10-25,54.76570510864258,55.4718677869976,53.374218394302666,53.6099366056621,72956000
2018-10-26,53.78114700317383,55.431178372571914,51.720714750948105,52.023427853576415,106438000
2018-10-29,51.3485221862793,55.025739808415615,49.982345526254335,54.415846071811124,81290000
2018-10-30,52.08197784423828,52.15095662471598,50.318307152589625,50.61804056902731,59768000
2018-10-31,54.12008285522461,54.98455335098819,53.009474823109436,53.009474823109436,70916000
2018-11-01,53.891807556152344,54.58258735240126,53.486866239489316,54.16077521616879,40132000
2018-11-02,53.1727409362793,54.4883013747205,52.98267540705626,54.04167520881155,43438000
2018-11-05,52.390647888183594,53.26504169765376,51.312297384741356,53.22434879721173,45358000
2018-11-06,53.07746124267578,53.586118725505045,52.28544516893846,52.35541590887822,28660000
2018-11-07,54.9964599609375,55.080325652955466,53.62432773634267,53.768240824658996,43388000
2018-11-08,54.32106399536133,54.99546896044465,53.811414549994645,54.949816279666464,33694000
2018-11-09,53.44717025756836,54.00941986361557,52.813954168357405,53.79454407480447,34860000
2018-11-12,52.07454299926758,53.30227008525491,51.6274245829342,53.254133724314464,34002000
2018-11-13,52.005558013916016,52.93354773730766,51.62989832380508,52.34499617576891,25750000
2018-11-14,52.33358383178711,52.88988171686323,51.66513436671668,52.602551504272974,34666000
2018-11-15,53.15090560913086,53.53897230637955,51.674061527661046,52.178751168531576,41584000
2018-11-16,53.01295471191406,53.2198910827564,52.3494649965639,52.86209413353282,35366000
2018-11-19,50.98576354980469,52.99955105177673,50.759972466189616,52.77077652878864,45684000
2018-11-20,51.136131286621094,51.47854533930505,49.734721132277805,49.986814202643885,54458000
2018-11-21,51.7802619934082,52.340031684705444,51.58324898921918,51.87355504891251,29698000
2018-11-23,51.11876678466797,51.75893040553306,51.04035684050967,51.28749014301997,14178000
2018-11-26,52.40107345581055,52.453673613271235,51.598634258168,51.808550268407,31558000
2018-11-27,52.219444274902344,52.938017791479,51.88298953671863,52.17279963719587,33048000
2018-11-28,54.18013381958008,54.23323374381789,51.7564450423693,52.476506517670025,46042000
2018-11-29,54.31858444213867,54.59499556224132,53.69429974090994,53.77022600281001,31004000
2018-11-30,55.06643295288086,55.06643295288086,53.752860137267156,54.370693350743345,59668000
2018-12-03,55.399417877197266,56.32442795943838,55.169651397195935,56.183494523091724,57532000
2018-12-04,52.72512435913086,55.29421400450673,52.641258665994336,55.23218269592703,45630000
2018-12-06,53.4997673034668,53.56626619579473,51.7331169309723,51.858171497904195,47436000
2018-12-07,51.93657302856445,53.8446564256062,51.578776156375845,53.209456518292924,42682000
2018-12-10,52.26410675048828,52.582698700226054,51.26267443502636,51.755945245640824,33652000
2018-12-11,52.68443298339844,53.11865215603475,52.11126428129302,52.94694915573629,33852000
2018-12-12,53.28390121459961,54.1771497714117,53.1965598917563,53.45014466445555,28960000
2018-12-13,53.27446746826172,54.01289138834388,52.850175465616424,53.38017132511263,24986000
2018-12-14,52.19115447998047,53.18415134992261,52.075031300119655,52.603539236708976,36358000
2018-12-17,50.89793014526367,52.72065637642869,50.45031201389184,51.95791813973228,49932000
2018-12-18,51.779266357421875,52.587161216958606,51.13761114684144,51.312293776966825,43640000
2018-12-19,51.3847541809082,53.38216324296413,50.58926618756057,51.97181786849981,58264000
2018-12-20,50.795204162597656,51.979258518056454,50.01509915562534,50.915295165612314,53674000
2018-12-21,49.19083023071289,51.494424176383596,48.691603869208556,51.21503717753264,104656000
2018-12-24,48.86429977416992,50.22650498380553,48.51642617200051,48.846929189215814,36360000
2018-12-26,51.999603271484375,52.02937708581942,49.260298769950424,49.52529859023944,46318000
2018-12-27,52.250213623046875,52.27204800815776,49.9724219454336,50.92522574682431,45996000
2018-12-28,51.941551208496094,52.812469544062445,51.70930480457527,52.57774325043199,34398000
2018-12-31,51.8561897277832,52.75093001362549,51.264658506617984,52.49486156284983,33110000
2019-01-02,52.33854293823242,52.64175198957034,50.87956542245332,50.97484617397945,31868000
2019-01-03,50.88899612426758,52.91320299775853,50.73515968820897,52.13954944438551,41960000
2019-01-04,53.499267578125,53.59504430104599,51.45421854731797,51.73708112968544,46022000
2019-01-07,53.392581939697266,53.72903666857893,52.73355986232169,53.643187063810046,47446000
2019-01-08,53.861534118652344,54.257540234788266,53.0169141615016,53.89279586635476,35414000
2019-01-09,53.67693328857422,54.17268778759912,53.31566073031168,53.991557423634816,26998000
2019-01-10,53.536991119384766,53.585623453477346,52.83479624922909,53.34394971663049,26598000
2019-01-11,52.82437515258789,53.26603778530063,52.42538933503741,53.09383880488812,30864000
2019-01-14,52.18123245239258,52.525630391786336,52.03434349791982,52.27204561995665,28490000
2019-01-15,53.91810989379883,54.0054512176976,52.326634285051185,52.50379682218738,37518000
2019-01-16,54.066986083984375,54.70466978962712,53.99255153834507,54.09130414535982,38280000
2019-01-17,54.54387664794922,54.622282789607674,53.756820434027674,53.991550453369065,24896000
2019-01-18,54.9498176574707,55.48080552292405,54.551823800800285,55.01383287939406,44892000
2019-01-22,53.527069091796875,54.53644473502319,53.1429701611653,54.3890559989901,39632000
2019-01-23,53.81389617919922,54.23769221739753,52.97821135737118,53.935475116784644,25194000
2019-01-24,53.793548583984375,53.99204951768498,53.099789164762825,53.71960623842804,29114000
2019-01-25,54.6624870300293,54.754292157150836,54.1806274814527,54.3012144700217,23260000
2019-01-28,53.58810043334961,54.25853375284251,53.32756819323923,54.09477398388179,29334000
2019-01-29,53.10177993774414,53.82978085263334,52.90129506676685,53.646662780575326,19704000
2019-01-30,54.4878044128418,54.5637306703706,53.428308652364905,53.46403798777427,29452000
2019-01-31,55.87234115600586,55.96067443398866,54.84808251474567,55.19496034233582,40232000
2019-02-01,55.51156997680664,56.29465467435647,55.29471027760024,55.69369229446657,33116000
2019-02-04,56.64301681518555,56.6886732791878,55.45648258987159,55.53092091301186,78408000
2019-02-05,57.161598205566406,57.20626271434756,55.75870025831117,56.057937701392255,82296000
2019-02-06,55.723472595214844,57.26730791642464,55.49866966697885,57.03258164416233,48256000
2019-02-07,54.88084030151367,55.18255766508734,54.26945856973418,55.174122254739345,38298000
2019-02-08,54.70566177368164,54.84064348388017,54.30171617106462,54.33347390092957,21766000
2019-02-11,54.692752838134766,55.25401423980819,54.5875487437202,54.77364265989197,18498000
2019-02-12,55.956214904785156,56.21823510549405,55.13392519968207,55.13392519968207,35036000
2019-02-13,56.00831604003906,56.713986537578684,55.87780192468007,56.22716343531917,28042000
2019-02-14,56.03659439086914,56.38049631262973,55.43563588198785,55.828170131041546,21106000
2019-02-15,55.56169128417969,56.537817403035326,55.41728221260082,56.537817403035326,27826000
2019-02-19,55.903114318847656,56.05843869255414,55.41331532853296,55.41331532853296,21980000
2019-02-20,55.60933303833008,56.1224581378499,55.17065005604538,56.02072587815568,24090000
2019-02-21,54.796470642089844,55.53787046194015,54.4873060615558,55.519507922867554,33272000
2019-02-22,55.40934371948242,55.44358512437713,54.612367826985526,55.06891736818785,29436000
2019-02-25,55.44755935668945,55.84803312649058,55.28776738831832,55.675834138089776,26208000
2019-02-26,55.67980194091797,55.89964131160998,54.92004328499551,55.30066657982733,35026000
2019-02-27,55.723472595214844,55.86440603971526,55.01234630178223,55.28280191306643,22092000
2019-02-28,55.905094146728516,56.27430611915208,55.501148580147834,55.53042641790857,27422000
2019-03-01,56.99535369873047,57.06880006557777,56.12592348118928,56.12592348118928,34086000
2019-03-04,57.238525390625,57.838988028664076,56.48571045995308,57.295097158928186,35490000
2019-03-05,58.02111053466797,58.38337505906222,57.21867509583672,57.36655601573174,40094000
2019-03-06,57.810203552246094,58.29652688981277,57.716410729812935,58.148645977068384,23602000
2019-03-07,57.11098098754883,57.74270909515584,56.65740736199778,57.58986462718008,30086000
2019-03-08,57.06732177734375,57.24001674601365,56.08623201715626,56.269846072263014,23694000
2019-03-11,58.520835876464844,58.55308958341536,57.14671589208721,57.16805429945581,30032000
2019-03-12,59.4135856628418,59.833413885860075,58.67169364703401,58.67169364703401,42220000
2019-03-13,59.50341033935547,59.903388112897154,59.446342593145616,59.84433645512265,25888000
2019-03-14,59.17935562133789,59.783293858123756,59.11484442416776,59.50142320150544,27302000
2019-03-15,59.06869125366211,59.63540842711422,58.90542367215189,59.45080622552168,51886000
2019-03-18,58.98185348510742,59.29945349490625,58.63100402622229,59.03842525329775,24442000
2019-03-19,59.67213821411133,59.7192826169914,59.02701105507283,59.13916263731773,29788000
2019-03-20,60.86164093017578,61.03830747817524,59.52970570265518,59.619526910163195,41508000
2019-03-21,61.3430061340332,61.358389019553314,60.37283559921016,60.54255467605238,28150000
2019-03-22,59.9296875,61.21894600459302,59.84780571840149,60.98173985576471,34422000
2019-03-25,59.42003631591797,60.01851499920074,59.05380399596057,59.52822006580645,27576000
2019-03-26,59.045860290527344,59.929681406309,58.64489061927288,59.80760271312892,30752000
2019-03-27,58.45880126953125,59.14908507905514,57.7749651721613,59.14908507905514,29428000
2019-03-28,58.173954010009766,58.421087295493514,57.73527103686355,58.33424573270985,22402000
2019-03-29,58.40322494506836,58.75457038010716,57.88166444231898,58.56648875017125,30890000
2019-04-01,59.49944305419922,59.559982646194584,58.87317441562949,58.93173009604227,27706000
2019-04-02,59.824981689453125,59.838380664635665,59.115343340939816,59.55253838480203,18288000
2019-04-03,60.08650207519531,60.57232942381467,59.802151533259135,60.18029110939912,22180000
2019-04-04,60.51526641845703,60.569854275755624,59.99866947179568,60.110325075873405,21022000
2019-04-05,60.11825942993164,60.561909727480234,60.04779271372844,60.50781785264706,20012000
2019-04-08,59.96095657348633,60.2423274858661,59.78329804727417,60.1013940407267,21750000
2019-04-09,59.68354415893555,59.90487143626524,59.469660335491206,59.6438470002438,19668000
2019-04-10,59.87013626098633,59.993702900560606,59.58280984381281,59.80264919567973,15510000
2019-04-11,60.02595901489258,60.18227912083499,59.77535389639726,59.99171761210864,16998000
2019-04-12,60.67803192138672,60.693910784644096,60.20957138048004,60.32519479607786,24312000
2019-04-15,60.86661148071289,61.004073078896056,60.27260033895646,60.74552472518107,23796000
2019-04-16,61.13359069824219,61.33556348231489,60.79266460655032,61.03880592245281,22622000
2019-04-17,61.5420036315918,61.78814494660802,61.18271878833548,61.386179505244,30366000
2019-04-18,61.608009338378906,61.829832604219995,61.50578110439343,61.783184181163996,24750000
2019-04-22,62.217899322509766,62.24668118372701,61.206043876380306,61.369807441901315,19084000
2019-04-23,63.05308532714844,63.24364683367848,62.12906722658227,62.360817611550296,31868000
2019-04-24,62.53003692626953,63.22230842796126,62.51812967167921,63.053085327430686,23396000
2019-04-25,62.891807556152344,63.16275913114883,62.428310556744194,63.038696513815154,31344000
2019-04-26,63.39202117919922,63.465963523500385,62.775679746985666,63.19153633753104,27228000
2019-04-29,64.32398223876953,64.36219903675915,63.108666103374446,63.545365145430786,72368000
2019-04-30,59.498451232910156,59.59869177332872,58.7064351092246,59.08507447945346,133178000
2019-05-01,58.22605895996094,59.512837545398035,58.14467315811743,59.42599220102296,74340000
2019-05-02,57.88811492919922,58.52679056579898,57.48218164489478,58.19033204544976,45098000
2019-05-03,59.03147888183594,59.12328401239134,58.23747884247491,58.429028536065694,41588000
2019-05-06,59.22550964355469,59.32327029068878,58.118869416163356,58.160554274416185,31774000
2019-05-07,58.50099182128906,59.290524338824355,57.813187786807724,58.84588579441049,36604000
2019-05-08,58.100013732910156,58.76945512946755,57.94369362397736,58.42306948603235,25520000
2019-05-09,57.960567474365234,58.263280578490686,57.299065475219535,57.694083473141156,29556000
2019-05-10,57.944190979003906,58.3729506059401,56.88866675392275,58.00374239955809,31650000
2019-05-13,56.40332794189453,57.16656213002464,55.85298940597136,56.83258730516244,45626000
2019-05-14,55.821231842041016,56.81422878558775,55.755228922522,56.68768627545845,40392000
2019-05-15,58.10100555419922,58.473193404251774,55.64952703697073,55.706594780540094,59302000
2019-05-16,58.78086853027344,59.260248195738754,57.98438862075223,58.15261599071827,35308000
2019-05-17,58.000762939453125,58.86969725966883,57.88364779556979,58.35062043745472,25362000
2019-05-20,56.803810119628906,57.217682845355235,56.48025458906698,57.217682845355235,30602000
2019-05-21,57.28914260864258,57.46580917920083,56.73681631931188,57.29112652024029,20562000
2019-05-22,57.35911178588867,57.752638056558965,57.11842999806387,57.130837017392196,18826000
2019-05-23,56.837547302246094,57.07128159719981,56.23311688971048,56.8737764019207,25214000
2019-05-24,56.503578186035156,57.28517120875641,56.40928937952739,57.168056060518985,18554000
2019-05-28,56.550716400146484,57.390868798082145,56.50654786913404,56.64599715202882,20948000
2019-05-29,55.57707595825195,56.324427519527866,55.180570051498236,56.21028824722078,36230000
2019-05-30,55.650028228759766,55.91750798232078,55.37659295413161,55.5875009366912,18088000
2019-05-31,54.91011428833008,55.25252453201234,54.753794181505,54.86743747559679,31582000
2019-06-03,51.547523498535156,52.94992559155208,50.96641535794812,52.946453746323435,96890000
2019-06-04,52.3291130065918,52.52513405659916,51.41303433315086,51.83286255141034,60512000
2019-06-05,51.840309143066406,52.44424740714658,51.26267663743421,52.35442619047706,46988000
2019-06-06,51.995140075683594,52.10629969708444,51.38723400310241,51.918221858095734,29020000
2019-06-07,53.01791000366211,53.269014889801966,52.16336664116216,52.318694793669955,43828000
2019-06-10,53.732017517089844,54.331488188465315,53.36082161243836,53.446175241234826,28510000
2019-06-11,53.646663665771484,54.786553427555084,53.57371705136141,54.43818384060775,33508000
2019-06-12,53.55039596557617,53.72011128259111,53.07895569521114,53.592576805866706,23670000
2019-06-13,54.14141845703125,54.418325537388,53.72258599159079,53.828782041481766,20814000
2019-06-14,53.907684326171875,54.32751253464041,53.66849427776035,54.07839535714609,24582000
2019-06-17,54.28434753417969,54.651075877116796,53.992057525682156,54.046645385198445,19770000
2019-06-18,54.84758758544922,55.51950886943129,54.62675627931569,55.158240104858095,34526000
2019-06-19,54.81135559082031,55.055512988219405,54.390535429495536,54.94683326342811,26714000
2019-06-20,55.24259948730469,55.715031638268655,54.934922847847666,55.66441160911046,24018000
2019-06-21,55.8465461730957,55.906093812537925,55.06991289591468,55.07686037292235,50774000
2019-06-24,55.416290283203125,55.75721639286306,55.24806291493411,55.580053850531634,24236000
2019-06-25,53.97120666503906,55.3666611379772,53.82332197509087,55.335895367610604,31644000
2019-06-26,53.61092758178711,54.34537991528839,53.28191631927332,54.140923457310606,34698000
2019-06-27,53.427818298339844,54.01488197038169,53.38910930568577,53.930024316591016,24078000
2019-06-28,53.7339973449707,53.7339973449707,53.28737118919637,53.45758624206207,33672000
2019-07-01,54.58755111694336,55.01383084160599,54.35580072635864,54.6391593176599,29196000
2019-07-02,55.21282958984375,55.22722052062033,54.571178081216495,54.82724275399014,20630000
2019-07-03,55.728431701660156,55.9765569294655,55.32448234664557,55.50561270283813,20154000
2019-07-05,56.20880126953125,56.307057893583014,55.45599015285598,55.54878723421806,29794000
2019-07-08,55.42075729370117,55.93785019845802,55.171144122246865,55.87135130201756,29888000
2019-07-09,55.792945861816406,55.97010840456372,54.94237029434849,55.09968236348599,29472000
2019-07-10,56.617713928222656,56.68867662457347,56.109056440518735,56.19143420006635,30710000
2019-07-11,56.775020599365234,57.22958619761573,56.549229519899086,56.87824078481194,26004000
2019-07-12,56.837547302246094,56.94473909553563,56.50109258684386,56.71795227658807,21878000
2019-07-15,57.0941162109375,57.10255162116014,56.5725557055338,56.83755177030159,21164000
2019-07-16,57.24051284790039,57.49459362920326,56.90653418810381,56.90653418810381,25352000
2019-07-17,56.90702819824219,57.48764033962764,56.901072677692355,57.11446053129008,19538000
2019-07-18,56.93183898925781,56.97799143438814,56.21823283580338,56.671802710632605,25450000
2019-07-19,56.153221130371094,57.147210000503584,56.13833422209774,57.035058424493094,23184000
2019-07-22,56.533348083496094,56.57354500725381,55.838600460858665,56.34775013685135,28914000
2019-07-23,56.97203063964844,57.01222756045134,56.217731653622145,56.74375589669193,20648000
2019-07-24,56.55915451049805,56.84350506009228,56.00236066629564,56.206321153848776,27192000
2019-07-25,56.37107849121094,56.75070980948168,55.76416435986441,56.52044734299529,54762000
2019-07-26,61.79410171508789,62.94391091786699,60.93955835741268,60.93955835741268,121216000
2019-07-29,61.62636947631836,61.98119054293162,61.04873318310525,61.65912294737773,41382000
2019-07-30,60.9395637512207,61.38172237730634,60.8065659499865,60.889935671666564,28616000
2019-07-31,60.45322799682617,61.28246129459864,59.955985604865354,60.784226946962264,39960000
2019-08-01,60.134639739990234,61.351443824494446,59.897429805871845,60.42494580862854,35426000
2019-08-02,59.36743927001953,60.02149400997808,59.05380708892359,59.69893422702038,34910000
2019-08-05,57.30452346801758,58.40272829512704,56.70902440596299,58.208691146682185,47840000
2019-08-06,58.114906311035156,58.6270356928859,57.64098615930609,57.83899114512684,36014000
2019-08-07,58.354591369628906,58.55110461947859,57.11048954945884,57.4558794564176,30686000
2019-08-08,59.857234954833984,59.861698755519036,58.25980387015317,58.87664130459793,30116000
2019-08-09,58.999210357666016,59.771375866823355,58.8002134606074,59.549552632390956,20418000
2019-08-12,58.28461837768555,58.835952700866116,57.99778792747687,58.55755766088019,22064000
2019-08-13,59.387779235839844,59.81951849658045,58.209684163982665,58.27717122757567,28434000
2019-08-14,57.77596664428711,58.69601323430192,57.61815858971087,58.362534348308905,35430000
2019-08-15,58.02755355834961,58.3798909012513,57.71392520196027,57.983388815815694,28506000
2019-08-16,58.518348693847656,58.74811516836309,58.21017985714153,58.59675862821934,24916000
2019-08-19,59.571895599365234,60.016041926122995,59.073661177610795,59.14462387987335,24450000
2019-08-20,58.732730865478516,59.45080839192116,58.70891256914688,59.31930231899427,20206000
2019-08-21,59.1322135925293,59.57784782839805,58.95058724856954,59.3426255842237,14152000
2019-08-22,59.12923812866211,59.489514951734854,58.50346547821643,59.242381664473136,17352000
2019-08-23,57.246463775634766,59.33518186625509,57.06880525553756,58.81411734731172,36254000
2019-08-26,58.11985778808594,58.153603212127486,57.30948299151311,57.53775774207266,21166000
2019-08-27,58.10200119018555,58.80568403312565,57.79134865092977,58.70643544792802,23460000
2019-08-28,58.247398376464844,58.48311659031229,57.577461005391356,57.80672772087879,16810000
2019-08-29,59.26422119140625,59.509862764533025,58.81957889810196,58.87615066730141,19636000
2019-08-30,59.080101013183594,59.56742003858809,58.841403171662904,59.56742003858809,18064000
2019-09-03,58.03897476196289,59.008149599886224,57.74916466854388,58.64936072126614,25908000
2019-09-04,58.67020797729492,58.79973014842829,58.13723616926758,58.53026648388856,21312000
2019-09-05,60.15498352050781,60.24480472982278,59.18729288191303,59.235429235615214,26394000
2019-09-06,59.86368942260742,60.19270070231351,59.711833111701424,60.00363090615744,18972000
2019-09-09,59.81158447265625,60.56985517921189,59.211121819506104,59.90140569237248,31854000
2019-09-10,59.832916259765625,60.0463041034778,59.352048698117684,59.356020306997124,27922000
2019-09-11,60.54255676269531,60.66513144541207,59.663199363226745,59.74309723285985,23522000
2019-09-12,61.28544235229492,61.65514651270272,60.66959309336393,60.71475358026939,31644000
2019-09-13,61.53654479980469,61.58716483025713,60.89390136458125,61.14351452746078,23676000
2019-09-16,61.119693756103516,61.48642204264582,60.80010608090249,61.06063831833136,28218000
2019-09-17,61.03285598754883,61.286936758492395,60.70880447158138,61.119701339497205,20806000
2019-09-18,61.170310974121094,61.34846545986885,60.367379629726905,61.050715949239574,17440000
2019-09-19,61.473026275634766,61.750429346275254,61.153442369852456,61.15393834771832,16554000
2019-09-20,61.03086853027344,61.67400795973817,60.7202160078767,61.219442346351414,37692000
2019-09-23,61.27155303955078,61.51918230832186,60.73014205515717,60.86859560962073,20798000
2019-09-24,60.45968246459961,61.887890472586925,60.07806725363248,61.53505712198621,35804000
2019-09-25,61.829830169677734,61.93305035535258,60.00660420799372,60.34455064724605,26798000
2019-09-26,61.64869689941406,61.76680778075008,61.129124118688836,61.64125344535884,23166000
2019-09-27,60.837825775146484,61.78268631820922,60.30435425876705,61.675494522635425,34122000
2019-09-30,60.59912872314453,60.91027722067132,60.2160255738023,60.572330773891714,24470000
2019-10-01,59.847808837890625,61.180739967134514,59.82547847431544,60.666126932569135,24504000
2019-10-02,58.454341888427734,59.488527803245624,58.191825693256774,59.37637621414667,33030000
2019-10-03,59.02552032470703,59.10343049789209,57.720878923332165,58.72330321156918,28368000
2019-10-04,60.09395217895508,60.1683905127808,59.101947135433356,59.26670266845611,24282000
2019-10-07,59.9594612121582,60.48846514938345,59.76641981061871,59.897429903730114,17040000
2019-10-08,59.06025695800781,59.89097823911531,59.027999466165745,59.48901657316592,20086000
2019-10-09,59.66915512084961,59.96988429727848,59.45675922423016,59.6160589862627,15948000
2019-10-10,60.02000427246094,60.32519724822251,59.443859724165584,59.48058101672487,12842000
2019-10-11,60.32966613769531,60.97677718184017,60.22694192579406,60.74254689680836,22330000
2019-10-14,60.4318962097168,60.834353873471784,60.13960621545957,60.239350777041764,13296000
2019-10-15,61.646217346191406,61.88888303633193,60.58821326185716,60.61699512250634,27584000
2019-10-16,61.683937072753906,62.23923921742537,61.46211001552776,61.62488162918652,22986000
2019-10-17,62.170257568359375,62.71365243260032,62.024856545768664,62.10078280623721,20958000
2019-10-18,61.753902435302734,62.43376312042484,61.542002526494294,62.26404783111225,31624000
2019-10-21,61.7474479675293,62.2054853788147,61.53455611326882,61.96679131956071,18094000
2019-10-22,61.594608306884766,61.96828408455127,61.527613434843985,61.75737612513315,22862000
2019-10-23,62.409942626953125,62.430289076170894,61.54547598933779,61.54547598933779,21282000
2019-10-24,62.48339080810547,62.67146863481019,62.147924268223605,62.48339080810547,20224000
2019-10-25,62.74095153808594,62.92456558804424,61.989132325424976,62.13056175067174,27104000
2019-10-28,63.96569061279297,64.47484407974726,63.13844495607343,63.27193493925215,65428000
2019-10-29,62.5603141784668,63.55976261853793,62.30970526205606,63.32156072139052,52654000
2019-10-30,62.56229782104492,62.92555429284906,62.0635674519653,62.286878653382274,29204000
2019-10-31,62.46800994873047,62.85111689975829,62.00550488853947,62.52756137017092,31904000
2019-11-01,63.135467529296875,63.17268858752227,62.51317050822479,62.81538763066667,28812000
2019-11-04,63.9969482421875,64.1403653372597,63.32701094752699,63.32701094752699,30632000
2019-11-05,64.08777618408203,64.3756023962413,63.98555172631586,64.07586514170676,25148000
2019-11-06,64.0664291381836,64.16468575930595,63.63270975280702,64.02077645871792,24626000
2019-11-07,64.8569564819336,65.6365655154242,64.20240201673944,64.22870020115927,45140000
2019-11-08,64.95919036865234,65.36165184435728,64.58799443261223,64.58799443261223,30392000
2019-11-11,64.42720794677734,64.75572703245952,64.30761291533182,64.71105873497332,17234000
2019-11-12,64.37409973144531,64.97655000563367,64.22671480495114,64.44159057864232,28852000
2019-11-13,64.32298278808594,64.63760687594893,64.12299393647223,64.17410615291206,20538000
2019-11-14,64.96661376953125,65.29265668339173,64.21181889625306,64.26442282868348,28948000
2019-11-15,66.17698669433594,66.17698669433594,65.10260019319165,65.25942006575623,39286000
2019-11-18,65.49712371826172,66.1958467947769,65.31450540955062,66.11743685213465,27984000
2019-11-19,65.13733673095703,65.83406821762365,65.09664383210311,65.83406821762365,21864000
2019-11-20,64.60486602783203,65.16810758563217,63.97710948579548,65.07630246017649,28892000
2019-11-21,64.51951599121094,65.06439503980536,64.05353150343402,64.47534745553108,25546000
2019-11-22,64.19844055175781,64.85497899337908,63.984556707621046,64.66144160145485,27776000
2019-11-25,64.7924575805664,65.02917158781669,64.29472285920191,64.32698035803068,23590000
2019-11-26,65.15769958496094,65.2078198613522,64.71306102480152,65.00435531585691,21910000
2019-11-27,65.114501953125,65.38794094931119,64.98250370933454,65.27777330079653,18808000
2019-11-29,64.71552276611328,65.006324800764,64.67284595465377,64.8400851416472,12802000
2019-12-02,63.95974349975586,64.78252920117225,63.538919496624814,64.63960426983445,26538000
2019-12-03,64.25152587890625,64.37509629118345,63.37366028625145,63.45355436186496,25270000
2019-12-04,65.45245361328125,65.71695745819278,64.66390942910238,64.81526974961815,35506000
2019-12-05,65.85044860839844,65.90106863745048,65.22319186246219,65.85243251978387,24408000
2019-12-06,66.46729278564453,66.62013727183943,66.06235522863464,66.13778172984779,32968000
2019-12-09,66.64594268798828,67.3684878249975,66.3025366818837,66.44099402177967,30842000
2019-12-10,66.6409683227539,66.89455305564309,66.1997979770407,66.49457536862131,17606000
2019-12-11,66.70848083496094,66.9883638395957,66.55216070218457,66.9094616993356,20480000
2019-12-12,66.91887664794922,67.22108996230007,66.40823905263555,66.65685647014153,29114000
2019-12-13,66.83848571777344,67.06080496049667,66.57994115975089,66.88959794149217,33170000
2019-12-16,67.52481079101562,67.66524447622663,67.02409269178868,67.24194436457637,28128000
2019-12-17,67.2364730834961,67.70493360611698,67.03201663615367,67.60965285811099,32948000
2019-12-18,67.08858489990234,67.46176465506394,67.01663404395718,67.34117768590727,23330000
2019-12-19,67.31340026855469,67.36749593369899,66.93178503391336,67.08859734207033,28922000
2019-12-20,67.05435943603516,67.68856753662119,67.03004515974142,67.64390680738406,50090000
2019-12-23,67.02507781982422,67.58186786917857,66.89456370617594,67.42703948197932,19936000
2019-12-24,66.71739959716797,67.09356285074838,66.70450417230641,67.00423382720653,13468000
2019-12-26,67.61264038085938,67.64887327109261,66.77099993853264,66.8226119301376,23662000
2019-12-27,67.22407531738281,67.83992081252498,67.14268951409021,67.6885604829738,23212000
2019-12-30,66.48316955566406,67.34118857344946,66.39037247271645,67.33176120761757,19994000
2019-12-31,66.46729278564453,66.53031605334827,66.10701595588644,66.2886423044557,19514000
2020-01-02,67.9207992553711,67.9207992553711,66.81962250301638,66.91490324811264,27278000
2020-01-03,67.56549072265625,68.17240862427808,66.86081596073402,66.89456517269056,23408000
2020-01-06,69.36638641357422,69.3916926420359,67.0434381998988,67.07469616252293,46768000
2020-01-07,69.2323989868164,69.64875536577131,69.05623219302926,69.49789480129157,34330000
2020-01-08,69.72517395019531,70.06312039428155,69.10932845842892,69.21800440208847,35314000
2020-01-09,70.45713806152344,70.89830085438531,69.98172629744387,70.56333031718493,33200000
2020-01-10,70.91220092773438,71.20896226489012,70.44771578618479,70.93751472809956,26258000
2020-01-13,71.46156311035156,71.53351398026712,70.73405818738722,71.22434937620667,30730000
2020-01-14,70.99310302734375,71.59058602367756,70.85315396532941,71.4600719000503,26076000
2020-01-15,71.42037200927734,71.49878195184972,71.04620021765285,71.11369107406499,21550000
2020-01-16,71.96427154541016,71.99106949862211,71.46007778598154,71.730533421718,26080000
2020-01-17,73.42124938964844,73.47236161437567,72.28136348423534,72.57861703888604,52424000
2020-01-21,73.55673217773438,73.93537154529689,72.95924161824139,73.39544471015016,48930000
2020-01-22,73.63712310791016,74.46636033692931,73.5770832763965,73.92793275973034,28458000
2020-01-23,73.67781829833984,74.11502095938191,73.46095856974544,73.81975128317777,26650000
2020-01-24,72.75875854492188,74.1497455459025,72.61037407881075,74.08126273759932,29786000
2020-01-27,71.04967498779297,71.29035678349074,70.44275705144024,71.04024762156224,34132000
2020-01-28,71.98114013671875,72.19452422773547,70.98168782396866,71.54642116350121,29724000
2020-01-29,72.28880310058594,72.65801507586868,71.72754546979097,72.37614063669027,21566000
2020-01-30,72.16722869873047,72.2168492041988,71.21194499533239,71.36578143499277,27110000
2020-01-31,71.10177612304688,72.93244183951124,70.81791775939544,72.8426206238996,43822000
2020-02-03,73.57408905029297,73.75770686602394,72.2843346143234,72.53444375093086,71636000
2020-02-04,71.72853088378906,72.81680464346873,70.56829869425806,72.17912861978445,95880000
2020-02-05,71.76030731201172,72.67985798884185,70.94794844813312,72.6317216258203,36376000
2020-02-06,73.24507904052734,73.52248589418377,71.980138619887,72.05457315984722,37822000
2020-02-07,73.4009017944336,73.70559879869327,72.7210410665216,72.81929769136995,28360000
2020-02-10,74.86731719970703,74.87823628434978,73.20686668811356,73.30760698082317,38302000
2020-02-11,74.93679809570312,75.92037145053452,74.7080273521206,75.09609407520617,34852000
2020-02-12,75.36209869384766,75.44496865670375,74.86783206779972,75.22463329676346,31042000
2020-02-13,75.10205841064453,75.7253474175751,74.63607391004925,74.93382724585919,22914000
2020-02-14,75.3670425415039,75.43254947654793,74.71298029109376,75.15861826834625,23198000
2020-02-18,75.40228271484375,75.95411300380982,74.98394241111538,75.14919769716833,25642000
2020-02-19,75.67173767089844,75.96303945445767,75.47870007359468,75.78736486702398,22746000
2020-02-20,75.28069305419922,75.78091128378992,74.6489611974282,75.38093357680475,25962000
2020-02-21,73.61676025390625,74.98095669681864,73.37012676714123,74.66484088299715,42520000
2020-02-24,70.46063232421875,71.28044229478077,69.8120369846986,70.61893638315294,49560000
2020-02-25,68.79618835449219,71.30373857355882,68.50340243145833,71.01343632565958,51580000
2020-02-26,69.00213623046875,70.15344093186029,68.31135643850625,69.22594718689604,49776000
2020-02-27,65.25444793701172,67.95653516579354,65.21921458048752,67.44738173946918,62290000
2020-02-28,66.46034240722656,66.61913861220282,62.93497730501943,63.23769037956694,80198000
2020-03-02,68.79618835449219,68.85325230514607,65.7631061068651,67.06278755939724,55430000
2020-03-03,66.38440704345703,69.881481998235,65.96358314946141,69.35992539597444,56602000
2020-03-04,68.56197357177734,68.6205292551604,66.34869292368212,67.43845864014934,47598000
2020-03-05,65.24502563476562,67.1739555088367,64.59394677616034,66.77297822404104,54380000
2020-03-06,64.30116271972656,64.64902873567758,62.389107394937724,63.021331540993415,64640000
2020-03-09,60.33363342285156,62.16678266927018,59.45278813467974,59.79619410549362,69252000
2020-03-10,63.280372619628906,63.3141180465607,60.27011622097382,62.249166437969265,54872000
2020-03-11,60.090965270996094,62.37520830714135,59.11037541001644,61.94545674944562,54732000
2020-03-12,55.16072082519531,58.99177508979836,55.00787634557328,55.71007122053141,94326000
2020-03-13,60.258201599121094,60.26465309698514,55.19743692515793,58.30892922423613,79400000
2020-03-16,53.2476806640625,56.8440051030118,52.95389894173577,54.07195051093089,96520000
2020-03-17,55.48377990722656,55.87780214419819,52.06163860584557,54.12306272429023,83194000
2020-03-18,54.15036392211914,54.83518829942279,51.461179115086644,52.599580995723194,93044000
2020-03-19,55.16667556762695,57.198325857658745,52.38171818946068,54.002967616874486,74064000
2020-03-20,53.00997543334961,56.49712798760577,52.70676634071484,56.12096849481009,82878000
2020-03-23,52.311248779296875,52.94545678283434,50.06521879688069,52.422408393551905,83672000
2020-03-24,56.0767936706543,56.24154917424303,53.91413348323064,54.785055397044495,72468000
2020-03-25,54.667945861816406,56.87873884091762,53.74442370156079,55.807335766211146,90324000
2020-03-26,57.7099609375,58.13475274319394,54.19204281681304,55.318033766714024,76562000
2020-03-27,55.096702575683594,57.12090932887696,54.78605006867187,55.950749927564374,62794000
2020-03-30,56.88568878173828,57.118431141959434,54.51262006874927,56.20731596127036,58736000
2020-03-31,57.66182327270508,58.23002839559108,56.40978203312284,57.00578084729468,65228000
2020-04-01,54.69176483154297,56.047522260736905,54.26449313887209,55.77855459200828,51970000
2020-04-02,55.43266677856445,55.717513301749904,54.24662847795809,54.58755078840877,56410000
2020-04-03,54.225284576416016,55.52000256570381,53.35089456161916,55.317533807276405,51374000
2020-04-06,58.715858459472656,59.09102217267394,55.82817690363127,56.225178787159976,63320000
2020-04-07,58.68458938598633,60.58126162443878,58.42108128525922,60.39417197088873,61620000
2020-04-08,59.897430419921875,60.28946874689685,58.75357293120654,59.703893038845585,40334000
2020-04-09,59.8760871887207,60.64130526356233,59.17389237351014,60.45223548466913,54028000
2020-04-13,60.066650390625,60.270610868569676,58.67317980519801,59.62449181891167,38702000
2020-04-14,62.787105560302734,63.30915828812906,60.966359260632764,61.533576267834526,63358000
2020-04-15,62.3935661315918,63.27738723932746,61.237301759913294,61.858110754368056,42236000
2020-04-16,62.40001678466797,63.19054488131015,61.44572892134189,62.88187629188426,57896000
2020-04-17,63.47043991088867,64.01631470542216,62.82531274438218,63.60442588043865,51050000
2020-04-20,62.584625244140625,63.362250375613705,62.35089094601759,63.01834841560059,35292000
2020-04-21,60.153499603271484,62.03130971478895,59.79818256505655,61.669544964144556,49648000
2020-04-22,62.44865798950195,63.51410555283705,61.39610963710134,61.59014299817593,46296000
2020-04-23,63.08186721801758,63.92450330392023,62.553859038058,62.81240358554889,34202000
2020-04-24,63.35133743286133,63.40642126585509,61.73355982484232,62.27943458992633,37402000
2020-04-27,63.066490173339844,64.2197788769828,62.778663975329444,64.11556294045872,44186000
2020-04-28,61.167335510253906,63.75627174373277,61.05766382769787,63.67886133804558,80700000
2020-04-29,66.60574340820312,67.49750400441403,65.83903737899195,66.74568488278513,108358000
2020-04-30,66.83004760742188,66.99381116559951,65.57949434545334,66.06880110856797,55842000
2020-05-01,65.37205505371094,67.06477049960726,64.99193160873368,65.70801754388526,48872000
2020-05-04,65.64897918701172,65.72689694131952,64.31456381571466,64.91602224376798,30806000
2020-05-05,66.9451675415039,68.03642470972898,66.25091977784771,66.373490657721,39666000
2020-05-06,66.76702117919922,67.92130167738333,66.75213427208723,67.39080984704172,31732000
2020-05-07,67.9505844116211,68.28407086121807,67.11986308544923,67.55507422258476,30652000
2020-05-08,68.69793701171875,69.30832293940408,68.08605936440217,68.57288244466392,33326000
2020-05-11,69.65321350097656,70.24573665773038,68.25925071596942,68.32326593344159,32718000
2020-05-12,68.24337768554688,70.18619502601786,68.21012823629849,69.88298973182424,33918000
2020-05-13,66.91091918945312,68.74705152691524,65.90253963761674,68.29198626452903,40368000
2020-05-14,67.3342514038086,67.35955763646824,65.6688332395569,66.17600285388292,36660000
2020-05-15,68.1381607055664,68.21358719606583,66.44792885100179,66.90746177228863,41544000
2020-05-18,68.7396240234375,69.11577969209408,67.20223652116248,67.56847263256927,47094000
2020-05-19,68.20466613769531,69.1023785172191,68.17290840940507,68.75451250919471,31586000
2020-05-20,69.92963409423828,70.07205925671711,68.85078753013752,68.93713311617326,38262000
2020-05-21,69.8100357055664,70.29189145435492,69.19666631420762,70.02044390375272,30894000
2020-05-22,70.1321029663086,70.31868908167836,69.27408397743726,69.66860218679889,28544000
2020-05-26,70.53555297851562,71.71365570635362,70.43779611422846,71.55733558967322,44590000
2020-05-27,70.48145294189453,70.73305377684775,69.20708528549198,70.46755799103713,31684000
2020-05-28,70.38023376464844,71.68139961305472,69.42941762074975,69.4750703044291,35170000
2020-05-29,71.13850402832031,71.297800014484,70.26808174332169,70.48890927787944,37044000
2020-06-01,71.20549011230469,71.53847677860361,70.580709445191,70.75043231360314,25162000
2020-06-02,71.57469940185547,71.60894080375162,70.54745734497106,71.21193893289512,23442000
2020-06-03,71.42284393310547,71.9071833180926,71.0442046165178,71.59405093550622,27732000
2020-06-04,70.18470001220703,71.52557428848117,69.77331097931382,71.30027160879436,26982000
2020-06-05,71.4610595703125,71.7727078334822,69.85320532299941,70.25119916881421,42642000
2020-06-08,71.85905456542969,71.90669115835331,70.68988704719936,70.77921607068053,33878000
2020-06-09,72.05953216552734,72.8396409679758,71.57717666408816,71.72010158033224,33624000
2020-06-10,72.68579864501953,73.08626854872666,72.17267741381319,72.52749464201499,31762000
2020-06-11,69.56935119628906,72.03571651726546,69.39616027535422,71.51117640380802,47144000
2020-06-12,70.11621856689453,71.1876215355899,68.77038463113773,70.75836219306613,36676000
2020-06-15,70.50428771972656,70.71568786340231,68.8398618016423,68.95350509114319,30468000
2020-06-16,71.78113555908203,72.31211956711883,70.91368928598088,71.90668231055088,30648000
2020-06-17,72.08236694335938,72.56174660860705,71.21839618065276,72.10222120320456,30610000
2020-06-18,71.16826629638672,72.10369560935757,70.77721618095585,71.94886723551764,34862000
2020-06-19,70.69783782958984,71.68338762751483,70.41794726010522,71.4600764031913,52784000
2020-06-22,71.98906707763672,72.00346179403014,70.42737286211982,70.71619099609049,29442000
2020-06-23,72.65007781982422,73.20687548167953,71.70819685962732,72.05557069329991,37752000
2020-06-24,71.0978012084961,73.23613958578959,70.96381147221909,72.61533435670397,31592000
2020-06-25,71.51465606689453,71.5751956563901,70.44473713789317,71.02435732770277,23958000
2020-06-26,67.61610412597656,71.31217631166523,67.24193239698072,71.09432467765036,97640000
2020-06-29,69.33463287353516,69.37582554444442,67.07569949381947,67.50694283958305,45074000
2020-06-30,70.37079620361328,70.66606584717748,68.82646494071054,69.32023932105565,40286000
2020-07-01,71.55931854248047,71.8808939458053,70.17875084186853,70.42638389298779,42182000
2020-07-02,72.94534301757812,73.86787699730431,72.00941384931251,72.04763064781929,57218000
2020-07-06,74.42019653320312,74.93381756362824,73.29519761693808,73.84951154751805,44712000
2020-07-07,73.93734741210938,75.49557348396944,73.9264283274638,74.24552002438814,42364000
2020-07-08,74.61621856689453,74.99188203847628,74.05545313077235,74.47726904554796,31766000
2020-07-09,75.36357879638672,75.88365139172461,74.21873304696575,74.93035155493966,41836000
2020-07-10,76.37344360351562,76.48907081040657,74.47330317027439,75.09510040151585,35918000
2020-07-13,75.04449462890625,78.2269463706536,74.7631199227052,76.91585336815388,42954000
2020-07-14,75.47274017333984,75.56901287536773,73.73933934510958,74.07976943302606,38108000
2020-07-15,75.27523803710938,76.24044119944688,74.32988156049042,75.59035433858878,31026000
2020-07-16,75.177978515625,75.2271068276227,73.85546677030331,74.51200517404082,26484000
2020-07-17,75.27375793457031,75.60029313499953,74.34328822168523,75.27673380206025,34264000
2020-07-20,77.60562896728516,77.86218959279846,74.57155461054553,75.18194052229816,30166000
2020-07-21,77.21260070800781,78.75743169114544,77.04883714436846,78.65719115591367,27486000
2020-07-22,77.65576171875,77.76146180574143,76.58286683905023,77.20218802358653,24482000
2020-07-23,75.26879119873047,77.92869400834472,74.86384609206827,77.70935063528133,33910000
2020-07-24,74.84500122070312,75.20329416614082,73.8217343783056,74.39738681396435,29902000
2020-07-27,75.89802551269531,76.3014788657862,75.04944152464174,75.09559396523198,27124000
2020-07-28,74.61871337890625,75.7283258038636,74.46338520687476,75.67820553034552,30910000
2020-07-29,75.604248046875,76.0915633025399,74.58693315341795,74.68568953299999,22676000
2020-07-30,76.3416976928711,76.46675228471115,74.19789170901464,74.3368412555036,36042000
2020-07-31,73.83959197998047,74.68669194397553,72.15481941817586,74.29118175072095,91468000
2020-08-03,73.58203125,74.32491519567483,73.03416882186066,73.9909441597244,45482000
2020-08-04,73.11258697509766,74.0956606075538,72.65256179297857,73.77806059086923,37212000
2020-08-05,73.39991760253906,73.94132862440738,73.00936716512784,73.28727382126195,29134000
2020-08-06,74.68321228027344,74.74871922040799,73.04310810672321,73.25401607153279,33306000
2020-08-07,74.356689453125,75.4345440924859,73.75622301234296,74.88618940652373,27718000
2020-08-10,74.2797622680664,74.79238376648463,73.32050325505837,73.98101701743722,20546000
2020-08-11,73.47187042236328,74.95566211247646,73.35525125440243,74.13982012855085,31098000
2020-08-12,74.7968521118164,75.01669524033613,73.69319159902035,73.79839948066032,22512000
2020-08-13,75.26382446289062,76.27221184265196,74.84499197246967,74.84499197246967,22388000
2020-08-14,74.6673355102539,75.41965445670148,74.38794473023643,75.1129659624535,21942000
2020-08-17,75.24347686767578,75.61765619945626,74.685694859427,75.23008167921238,19990000
2020-08-18,77.20565795898438,77.28456008844866,75.51294982781033,75.73377735195302,28378000
2020-08-19,76.6513442993164,77.85475322202173,76.42257355605528,77.04238688913141,30472000
2020-08-20,78.22148132324219,78.41601066185866,76.14765015883633,76.42108162701231,26382000
2020-08-21,78.187744140625,78.99712707798484,77.52971397251127,78.00065067341802,34838000
2020-08-24,78.66313934326172,79.83578242130031,78.16142935358315,79.0263920052425,25638000
2020-08-25,79.69039154052734,79.84075235572115,78.30237274468207,78.41254041856305,25150000
2020-08-26,81.59001922607422,82.01977833827368,79.44870497954882,79.71270905754783,52188000
2020-08-27,80.81539154052734,81.78158681274915,80.33352817007399,81.71310399920995,31350000
2020-08-28,81.35679626464844,81.45207703160946,80.67098373475415,80.8625372245271,22418000
2020-08-31,80.86550903320312,81.60839306205602,80.65708473224421,81.5622406146684,26422000
2020-09-01,82.13341522216797,82.33886363020532,80.86549898910711,80.99601309646859,22652000
2020-09-02,85.22555541992188,85.65779065315286,82.38700223432284,82.77506893604762,49522000
2020-09-03,80.86451721191406,84.36258498681123,79.7826871845487,84.33876290318153,63726000
2020-09-04,78.4676284790039,81.13645913479783,76.3218387159225,79.84670453576004,55850000
2020-09-08,75.60872650146484,77.19424291181993,75.25638531461833,75.67820126859465,54032000
2020-09-09,76.78136444091797,77.35154968410572,75.68663149054102,76.8642343918004,39242000
2020-09-10,75.73029327392578,78.0929423126136,75.43006388983795,76.92775032379502,33024000
2020-09-11,75.21965789794922,76.35805197313077,74.09118337949273,75.83451139910771,30706000
2020-09-14,74.8757553100586,77.26619442098949,74.69115310887393,76.00819769874438,42660000
2020-09-15,76.18040466308594,76.96795700532972,75.53429310503509,75.8216195441486,23042000
2020-09-16,75.03754425048828,77.13568986155084,75.01273021019952,76.54565029872481,22128000
2020-09-17,73.79441833496094,74.3710625832818,72.5746385228818,73.73337898935782,40008000
2020-09-18,72.01041412353516,74.19938051714477,71.04421883540799,73.85696644381204,63056000
2020-09-21,70.97076416015625,71.46303920509229,69.6080593619409,71.04420674157839,56908000
2020-09-22,72.44363403320312,72.64958222034359,70.93900374694141,71.97219759731894,33950000
2020-09-23,69.94105529785156,72.10917562772568,69.6080761398054,72.06004730695878,37726000
2020-09-24,70.60948944091797,71.3603166157109,69.58175518077466,69.608060937413,34552000
2020-09-25,71.41341400146484,71.75482846616116,69.85617998146562,70.7181666964046,30326000
2020-09-28,72.38607025146484,73.09719651380165,71.77171646612977,73.04757600974902,30784000
2020-09-29,72.75131225585938,73.0480660321558,72.15481369174223,72.64660413596586,31816000
2020-09-30,72.73045349121094,73.75272804854649,72.24214633454227,72.49919912111059,40924000
2020-10-01,73.83710479736328,74.19292159737675,73.28626646757014,73.62669659515059,32884000
2020-10-02,72.23421478271484,73.39693074596006,71.824809673111,72.4342036548503,31222000
2020-10-05,73.58551788330078,73.67831497337035,72.4570431761626,72.58408167311056,21602000
2020-10-06,72.00691986083984,73.66935396905671,71.70867443406931,73.2217397330731,26096000
2020-10-07,72.40989685058594,72.89771194466147,71.12411009707938,72.41833226107926,36108000
2020-10-08,73.61528778076172,73.84355876633454,72.72302733778457,72.72302733778457,26076000
2020-10-09,74.9561538696289,75.02562863489327,73.79244587231484,74.0832479306486,32966000
2020-10-12,77.64285278320312,78.82541548276977,75.89158140633867,76.32332446809873,55344000
2020-10-13,77.76592254638672,78.66364249122451,77.34709005860579,78.2591971477664,39072000
2020-10-14,77.5857925415039,78.59864008873711,76.7153701732561,78.13961439092779,33174000
2020-10-15,77.19026947021484,77.9807976103411,76.47865102987744,76.64588265062753,31210000
2020-10-16,77.79719543457031,78.29393814189262,77.2989610074062,77.50589359541102,34194000
2020-10-19,75.92383575439453,78.60260079245475,75.57497780370291,78.20559891498712,29734000
2020-10-20,76.97241973876953,78.10188630763496,75.45488644834482,75.58440861018742,41670000
2020-10-21,78.70482635498047,80.15140068876588,77.76939696227232,77.90387889868303,60322000
2020-10-22,79.73057556152344,80.06603832391136,78.28251710135257,78.65569689727067,30512000
2020-10-23,81.03671264648438,81.09328441349074,79.99110798217251,80.14693590256121,30548000
2020-10-26,78.62046813964844,80.86798245629929,77.80115810817524,80.1444529478215,35826000
2020-10-27,79.34449768066406,79.49932607502853,78.25820767241161,78.85073087185503,25902000
2020-10-28,74.9735107421875,77.1078811512974,74.85838331571392,76.91931114988517,45174000
2020-10-29,77.26023864746094,78.84128724607514,75.25885830217857,75.28218061851324,55406000
2020-10-30,80.19953155517578,83.4355865281123,79.47798597119375,82.74679062825668,99878000
2020-11-02,80.60694885253906,82.2902293714331,80.10672305492209,80.56823986724642,44228000
2020-11-03,81.66594696044922,82.3279448648545,80.00102885652811,80.92653865196347,31432000
2020-11-04,86.63789367675781,87.83782697800774,84.5114585454135,84.63948898890001,71342000
2020-11-05,87.46414947509766,88.91915931430586,86.39869809059148,87.85866770874907,39758000
2020-11-06,87.3266830444336,87.76189413906489,86.18282183232226,86.91032668013082,28622000
2020-11-09,87.4105453491211,90.16324512356621,87.21849969739831,89.12559131535588,53440000
2020-11-10,86.23443603515625,87.30931470732818,85.1625332301368,85.83991783029099,43022000
2020-11-11,86.70637512207031,87.4839927088133,86.49943497923725,86.76443103612137,31838000
2020-11-12,86.48751831054688,87.58721098528301,86.24683654348757,86.44682541087165,26474000
2020-11-13,87.948486328125,88.19016006899665,86.14809419488121,86.74458521077995,29744000
2020-11-16,88.03633117675781,89.04421889331789,87.40609089444465,87.54554019865918,25468000
2020-11-17,87.42245483398438,88.19065257156724,87.31477085146919,87.73012768241678,21314000
2020-11-18,86.37934875488281,87.588217331153,86.27662453313168,87.17335262075193,20108000
2020-11-19,87.26911926269531,87.51327668318758,85.85232624194083,86.01162222429092,20106000
2020-11-20,86.16793060302734,87.75493847570979,86.09944780281101,87.43932242132932,27694000
2020-11-23,85.7302474975586,86.64483829608162,84.86776845214185,86.35850382471271,22530000
2020-11-24,87.53362274169922,87.66165318603427,85.39130873171393,85.72727127928064,27984000
2020-11-25,87.54502868652344,87.85518522073961,86.7624437790224,87.72765454815004,19600000
2020-11-27,88.68095397949219,89.1767122831429,87.56538232050816,87.56538232050816,14790000
2020-11-30,87.06218719482422,88.34945805842784,86.73664396560041,88.1167194862883,32418000
2020-12-01,89.0948257446289,90.40294282397186,87.49044706213408,87.67058926121352,37350000
2020-12-02,90.56422424316406,90.94981487855388,88.58914937963489,89.09482724425072,29424000
2020-12-03,90.40889739990234,91.50014714254405,90.16870781369849,90.34438241647054,24728000
2020-12-04,90.50418853759766,90.78903130874234,89.9994950336084,90.32851391467301,20544000
2020-12-07,90.17019653320312,90.77859855213794,89.4759411272012,90.09674637845352,22288000
2020-12-08,89.8873291015625,90.11759154794318,88.89235211475021,89.74788739186799,19936000
2020-12-09,88.22637939453125,90.73294542075456,87.43932691550214,89.83919334116746,31728000
2020-12-10,87.71971130371094,88.08395592677938,86.0265034805042,87.46910240104222,28688000
2020-12-11,88.07452392578125,88.19908629682062,86.97979863058944,87.34007541184674,18628000
2020-12-14,86.95598602294922,88.81890924399337,86.80065786516951,87.87206853297646,33050000
2020-12-15,87.3936767578125,87.53857801501006,86.43045746319423,87.33312959787565,21352000
2020-12-16,87.20063781738281,87.79216907373542,86.79719198041016,87.79216907373542,24676000
2020-12-17,86.37289428710938,87.67307576208695,85.90840908366975,87.53511818197795,34880000
2020-12-18,85.66374206542969,86.76244280122043,85.10695202977472,86.65376686057336,85256000
2020-12-21,86.0776138305664,86.19870057444582,84.06482215164931,84.81564931543565,33974000
2020-12-22,85.3659896850586,85.98084315612543,84.64940397118356,85.8180715676323,20370000
2020-12-23,85.76348876953125,86.55153319563468,85.41462325656956,85.55010471511076,22974000
2020-12-24,86.0577621459961,86.46716722391895,85.570939095619,85.80169372126166,9312000
2020-12-28,88.03284454345703,88.67995556645543,86.43790089801071,86.5912375649003,27650000
2020-12-29,87.22891998291016,88.75290469779057,87.09741391594572,88.691373155201,19726000
2020-12-30,86.16148376464844,87.72516940602775,85.75207866076447,87.58820379818833,21026000
2020-12-31,86.97483825683594,87.21601220762274,86.15353683692419,86.21210008136327,21070000
2021-01-04,85.65928649902344,87.4636464411681,84.71690581732847,87.34008358640446,37324000
2021-01-05,86.35006713867188,86.68652187444044,85.20124606667888,85.6076753306863,20360000
2021-01-06,85.49798583984375,86.54458229148436,84.16903036258219,84.37547071001721,46588000
2021-01-07,88.05171203613281,88.22440320804346,85.69054682012181,85.69054682012181,41936000
2021-01-08,89.2174072265625,89.29333349352545,87.40062879035135,88.1916567626547,35484000
2021-01-11,87.15597534179688,88.54994580133611,86.9500347222767,88.18470162798775,34796000
2021-01-12,86.22005462646484,87.73212854927601,85.17544937290144,86.61358093635074,29528000
2021-01-13,86.70736694335938,87.16094060271311,85.71833405616691,85.71833405616691,23432000
2021-01-14,85.89698028564453,87.7147504644655,85.65629851518884,86.78774893221043,29212000
2021-01-15,85.73323059082031,86.72573164848349,84.9437018754626,85.80270536196944,31444000
2021-01-19,88.5544204711914,89.51565598079557,85.99178203469376,86.49646797023269,41660000
2021-01-20,93.29856872558594,94.273699131295,90.29327584791857,90.63369841737502,64152000
2021-01-21,93.50102996826172,95.87955813281762,93.26580772759824,93.97247397752348,58634000
2021-01-22,93.91837310791016,94.50543672127229,93.12139349550735,93.86378525576802,32744000
2021-01-25,94.00374603271484,95.37042652828369,92.26091737347004,94.91982866666588,50586000
2021-01-26,94.6821060180664,95.06918077277226,93.10304122733542,93.59234042721772,31462000
2021-01-27,90.26498413085938,93.31841329790922,89.19010540093252,93.0424981499985,82512000
2021-01-28,91.96513366699219,93.69158328573165,90.86345710248793,90.86345710248793,55278000
2021-01-29,90.68282318115234,91.68425930662701,89.40250361723265,91.0133261797353,44530000
2021-02-01,93.94369506835938,95.05876695305972,91.537869114529,91.537869114529,40252000
2021-02-02,95.2364273071289,96.73758204200149,94.60370337579502,94.93917374200196,66332000
2021-02-03,102.17202758789062,104.54112860676844,99.922521611961,102.50600624841188,97882000
2021-02-04,101.91149139404297,102.68910899646727,100.99193325022927,102.25836545435277,48596000
2021-02-05,103.65828704833984,104.01112041342323,101.73134861128602,102.20576092112387,29866000
2021-02-08,103.44440460205078,104.95697814818854,102.39384771098673,104.2126024166411,28828000
2021-02-09,102.9913330078125,104.13866240440814,102.72385326200276,102.96205138124002,21892000
2021-02-10,103.54166412353516,104.15701742365931,101.84250453722669,103.37591665062041,25102000
2021-02-11,103.6543197631836,103.91484823820412,102.66727833879833,103.76597915086751,20480000
2021-02-12,103.96595001220703,104.18776945719402,102.9009910253013,103.20867142088254,18990000
2021-02-16,104.74359130859375,106.45267806427309,103.80319453901487,103.80319453901487,31004000
2021-02-17,105.1366195678711,105.32618913024353,103.63447293017356,103.91385613661629,20294000
2021-02-18,104.50092315673828,105.30386215822301,103.8816019889264,104.46073001635577,22546000
2021-02-19,103.65730285644531,105.13464313280102,103.39032286421694,104.59919142849432,37938000
2021-02-22,101.94274139404297,103.23647121123227,101.63209267408962,101.90999171180535,29466000
2021-02-23,102.2335433959961,102.84790471803919,98.7652498236748,99.94434439439259,34658000
2021-02-24,103.40917205810547,103.63298302888079,100.61627889516991,100.74083370987653,22608000
2021-02-25,100.04161834716797,103.36897879825909,99.57216580668543,102.02562835554662,41548000
2021-02-26,100.3373794555664,102.05490166561077,99.30021775417421,100.7363652714973,40042000
2021-03-01,102.70697021484375,103.03300560280509,100.95818263525662,101.63209158055665,26060000
2021-03-02,102.44991302490234,103.9515673872358,102.06234608378273,102.46777579992727,25564000
2021-03-03,99.81632232666016,103.02110427360444,98.95234399009125,101.82812222319419,33892000
2021-03-04,100.93386840820312,102.95161985010066,99.51955162533255,99.98801216184687,49216000
2021-03-05,104.06719207763672,104.52026594581169,100.62867233193391,102.28466284780541,53100000
2021-03-08,99.62228393554688,104.89444552557276,99.50764868129858,103.42158052102567,36868000
2021-03-09,101.25296020507812,102.42212772357182,101.01674600755987,101.71894467377746,33920000
2021-03-10,101.0460205078125,102.2970659351344,100.20933995964218,102.2970659351344,27100000
2021-03-11,104.23939514160156,104.77187091897011,102.05142854718905,102.13926584834769,27702000
2021-03-12,101.73133850097656,103.1014867304404,100.85893242281475,103.04193910173277,33818000
2021-03-15,101.9516830444336,101.97897318600187,100.62917885594194,101.48223051757223,26168000
2021-03-16,103.41313934326172,104.89146380814894,102.19235989786293,102.52484679250944,31900000
2021-03-17,103.33026885986328,104.16297408675445,101.43955571786044,102.64792444093051,26382000
2021-03-18,100.30908966064453,102.66181170828624,100.20189786741744,101.64102114164612,31700000
2021-03-19,100.58798217773438,101.08820045745158,99.39549239049998,100.72544755239356,46072000
2021-03-22,100.77308654785156,101.64896832220467,99.94484136557821,100.62123402558689,33536000
2021-03-23,101.30110168457031,102.4315602691178,100.63960345971093,101.23261887288946,28510000
2021-03-24,100.86439514160156,102.60473976614479,100.68921273652307,101.81867923928972,25218000
2021-03-25,100.86093139648438,101.51498617081897,99.05606400581422,100.6917082778307,35616000
2021-03-26,100.47734069824219,101.20483812500991,99.44116325479806,100.82769043481976,27978000
2021-03-29,101.52241516113281,101.69213801960343,99.52054260203612,100.34977968394811,26492000
2021-03-30,101.55616760253906,102.36009090991652,101.04403828817071,101.87922713070152,27312000
2021-03-31,102.35264587402344,103.5307484849651,101.58246421687518,101.94969227085818,42570000
2021-04-01,105.6904296875,105.98669127491928,103.78731339954884,103.82800630103871,39880000
2021-04-05,110.1159896850586,110.61373186270573,106.45614255746916,106.55241526747184,48510000
2021-04-06,109.6346206665039,110.56459803705717,109.26392456117935,109.71699842015165,35240000
2021-04-07,111.11196899414062,111.38341654754359,109.82519037364484,109.82519037364484,24134000
2021-04-08,111.67769622802734,112.73768803911382,111.30947619166977,112.35110546289924,28664000
2021-04-09,112.6821060180664,112.84586958165409,111.02413150339015,111.43006856726271,26146000
2021-04-12,111.38936614990234,111.99826033542475,110.55566149487322,111.86080254119268,25024000
2021-04-13,111.87619018554688,112.32480405880901,111.31145691408278,111.7054829333092,25682000
2021-04-14,111.25487518310547,112.52130722555084,110.9625890162252,112.52130722555084,21002000
2021-04-15,113.40563201904297,113.93910731506152,111.71441568076216,112.24937512425728,29174000
2021-04-16,113.28157806396484,113.85177090924829,112.69451439811739,113.60364566317921,26282000
2021-04-19,113.62945556640625,114.34058187974813,112.65780076460334,112.65780076460334,30290000
2021-04-20,113.09597778320312,114.08797894990056,112.00968781654448,114.01304464501652,22288000
2021-04-21,113.06322479248047,113.14510278510481,111.39929103374098,112.75058458537109,23204000
2021-04-22,111.78140258789062,113.58576995945398,111.17597645061205,112.91682079811619,24146000
2021-04-23,114.13414001464844,114.44132071147847,112.2146449476843,112.49998747236313,29066000
2021-04-26,114.63037872314453,115.35490771445889,114.00460611598119,114.36190704701553,32038000
2021-04-27,113.68999481201172,115.05319189753914,113.45079717646414,115.01249899515436,44386000
2021-04-28,117.06747436523438,120.65734705575763,116.77865622813731,118.72792498547076,81106000
2021-04-29,118.74082946777344,119.30655470794439,117.80241660635883,118.56565462462966,41234000
2021-04-30,116.79254150390625,118.19940722981916,116.4481435849962,117.51309506724209,44856000
2021-05-03,116.27545166015625,118.18452723288044,115.89929599373691,117.35876574374358,28242000
2021-05-04,114.47654724121094,115.37773525338912,111.98785142103567,114.81002610533777,44818000
2021-05-05,114.87057495117188,115.87448718948492,114.54850735953089,115.55837890460862,26636000
2021-05-06,115.9911117553711,115.9911117553711,113.7922258951969,114.45174020961404,25190000
2021-05-07,116.71463775634766,117.6733970925237,116.4283032840996,117.30816048876812,28898000
2021-05-10,113.72820281982422,115.67598742632394,113.37040211218113,115.5340544612841,30914000
2021-05-11,112.65184020996094,113.15900979976799,110.85839167705417,111.31246512837205,34186000
2021-05-12,109.1875,111.55610843792854,108.85848874493934,110.47477830544459,46376000
2021-05-13,110.61620330810547,111.13230039558225,109.50856750158755,110.47129449517293,33204000
2021-05-14,113.06470489501953,113.37932900228232,111.65634743812632,112.0801472464364,31996000
2021-05-17,113.58776092529297,113.6304377384808,111.92978642061708,112.3297641754445,21598000
2021-05-18,112.27517700195312,114.51873100821115,112.26128204938492,114.2542271454535,22204000
2021-05-19,112.72329711914062,112.89648805759676,110.43757351383768,110.58595041306152,23684000
2021-05-20,114.48250579833984,114.73310713657823,113.31978979628988,113.69098569300493,32352000
2021-05-21,113.84629821777344,115.07502083676242,113.60660840966908,115.00157068390298,40632000
2021-05-24,117.16673278808594,117.390536195804,114.73113291341008,114.87653394991712,31832000
2021-05-25,117.25753784179688,118.30611079968943,116.86698744390246,117.71061174116315,22440000
2021-05-26,118.12300109863281,118.5537446380502,117.43568933655425,117.43866520384775,21572000
2021-05-27,117.24812316894531,118.55673254851442,116.92953117600482,118.55673254851442,35224000
2021-05-28,116.95878601074219,117.91257792108246,116.76028885976044,117.83069992865224,21482000
2021-06-01,118.16617584228516,118.39097877485312,116.83126077261825,117.83170500105437,23354000
2021-06-02,117.6406478881836,118.78450163427122,116.73597664095516,118.56168261975796,21158000
2021-06-03,116.49876403808594,116.96722459641707,115.60253582286343,116.4069589139595,18696000
2021-06-04,118.78102111816406,119.05197647969602,117.23470598588214,117.5751361103478,24458000
2021-06-07,119.21424865722656,119.32392413070295,118.15724030193509,118.57607279219508,24120000
2021-06-08,119.02269744873047,120.06879431068795,118.8410711054014,119.69611425817284,24240000
2021-06-09,119.49413299560547,119.73927477924008,118.94627056496574,119.66732391656954,17942000
2021-06-10,120.84343719482422,120.88661377093757,119.287694745619,119.44351508642232,25904000
2021-06-11,120.59878540039062,121.17046233960727,120.04099584089136,121.08510871682954,21958000
2021-06-14,121.52728271484375,121.52777490664751,119.99337074452207,120.70102140342084,22098000
2021-06-15,120.50896453857422,121.85479096519951,120.14818797993534,121.53173143958783,21562000
2021-06-16,119.8668212890625,120.97197359175446,118.57409090880724,120.66032532200343,26472000
2021-06-17,120.8305435180664,121.60370111962469,119.59636878457852,119.79238984947777,25842000
2021-06-18,119.21028137207031,120.69108957521395,119.1150006147533,120.45685929101408,46116000
2021-06-21,120.8990249633789,121.08511889610858,118.99937664421553,119.59686719825068,27414000
2021-06-22,121.41313934326172,121.48212191742986,120.15614205708611,120.83699476359857,22390000
2021-06-23,121.2111587524414,122.17239413660434,120.92085647379636,121.17790930527332,19148000
2021-06-24,121.58136749267578,122.13269801966713,121.38287032972356,121.779864655628,21362000
2021-06-25,121.58979797363281,121.71336839672355,120.65337662784323,121.08511210446201,34594000
2021-06-28,121.6170883178711,121.86422157689813,120.49506530954162,121.75851393538643,28526000
2021-06-29,121.3555679321289,122.09845947524772,120.77843143323554,121.750585903445,23108000
2021-06-30,121.1739501953125,121.34019744310686,120.44446136096889,121.07966138959465,24474000
2021-07-01,121.52629089355469,121.66771652938495,120.62013549310655,120.81218116296395,18110000
2021-07-02,124.31818389892578,124.46358492049245,122.13666881147289,122.22649002373326,25982000
2021-07-06,125.24369812011719,125.4799123179405,123.64824707773293,124.70625497523152,26404000
2021-07-07,125.52555084228516,126.32947410325949,125.20695891927413,126.20839493681592,24060000
2021-07-08,124.10628509521484,124.6536477834332,123.09195356628405,123.0959213892183,23790000
2021-07-09,124.57722473144531,124.7916007446982,123.6174735198398,124.0874257825827,18632000
2021-07-12,126.02330780029297,126.11660464739363,124.66903830023149,125.23178767794647,17668000
2021-07-13,126.38655090332031,127.09717735782496,125.72455299411631,126.0858217415927,19240000
2021-07-14,127.27533721923828,128.3566749442319,126.95525355930435,126.99843013494588,23742000
2021-07-15,126.05257415771484,127.73486288138461,125.58113774435483,127.6842504239584,24218000
2021-07-16,126.0178451538086,126.8530340257524,125.20747031972039,126.70564909050017,20424000
2021-07-19,123.64378356933594,125.2585814894931,122.57882443943065,125.14394623897842,27968000
2021-07-20,125.26304626464844,126.09029189296702,123.4179859291458,124.5861538619806,26312000
2021-07-21,126.59249877929688,126.63914341310972,125.07843365340196,125.18760935637495,20746000
2021-07-22,127.45845794677734,127.51950487431337,126.54288276082305,126.88529680984055,14302000
2021-07-23,132.01751708984375,132.3986401311124,128.82712984161756,129.4523951600972,41506000
2021-07-26,133.0298614501953,133.23034251225275,131.3093559344711,132.32866235257328,30572000
2021-07-27,130.91087341308594,133.39114148344112,129.12835158486462,133.24375654153485,54710000
2021-07-28,135.07342529296875,137.2599079039197,134.26305040717065,135.28979281293505,95130000
2021-07-29,134.75929260253906,135.63616633400994,134.52655404007479,135.12899677919694,31716000
2021-07-30,133.71617126464844,134.28983968101215,133.24821049206028,134.02235996691988,25576000
2021-08-02,133.84323120117188,134.3216113441576,132.79068281831607,134.10375968033432,21634000
2021-08-03,134.6129150390625,134.71413996372158,132.31974039561504,134.1216167474908,20762000
2021-08-04,134.1121826171875,134.63225514353746,133.47846680037628,134.33450184746084,19676000
2021-08-05,135.229736328125,135.32750833169953,133.83477396423808,134.66301914321753,17870000
2021-08-06,134.7205810546875,135.4490854531946,134.19605607043894,135.02181756289275,20488000
2021-08-09,135.8862762451172,136.15525526849018,134.32457443388773,134.92306449777362,17760000
2021-08-10,135.78109741210938,136.7393570510602,135.3419108529695,136.31207396210945,19414000
2021-08-11,135.25701904296875,136.64998211857468,135.2495680179174,136.15274735127596,15352000
2021-08-12,136.16517639160156,136.27038427949398,134.4099447510758,134.95580816135285,16506000
2021-08-13,136.6946563720703,136.82270194737035,136.0053759091246,136.22074387202724,15948000
2021-08-16,137.2722930908203,137.32490460237238,134.28437116129226,136.49367603744454,22384000
2021-08-17,135.63668823242188,137.22866387523482,135.0615355406149,136.71702664999899,21716000
2021-08-18,134.43325805664062,136.07634558098277,134.30671177014443,135.47637140289288,19258000
2021-08-19,134.66253662109375,135.32999419006325,133.2432673738552,133.42737741097457,21782000
2021-08-20,136.39891052246094,136.52247337439283,134.23575039027023,134.9801260855952,31194000
2021-08-23,138.9913330078125,139.8180789523817,136.57557987363364,136.93486475189124,28454000
2021-08-24,140.2021942138672,141.01455306399217,139.28611161205026,139.55705943531208,19268000
2021-08-25,141.0135498046875,141.12322528868177,140.31583381143977,140.56295954298056,15848000
2021-08-26,140.37982177734375,141.34948492640603,140.29693668933822,140.6869948524426,20610000
2021-08-27,142.9241180419922,143.42880397436727,140.43591417092568,140.59025038508423,28780000
2021-08-30,143.50621032714844,144.87586650188038,143.08191071362054,143.3171329571625,24434000
2021-08-31,143.61239624023438,144.08284070648722,143.1990308749765,144.05853400521448,22448000
2021-09-01,144.1265411376953,145.1572514544769,143.79703005066006,143.91265727510688,21936000
2021-09-02,142.21250915527344,144.42826606699765,142.11126907465723,144.12704464538862,32342000
2021-09-03,142.66159057617188,143.07397156605705,141.33262733689926,142.00753585009178,19850000
2021-09-07,143.19851684570312,143.48088345011595,142.5419785225867,142.75586232811756,20124000
2021-09-08,142.61343383789062,143.31711657655697,141.9276214453262,143.01937843726546,18344000
2021-09-09,142.464599609375,143.2283299265939,142.10383055094175,142.76185320180753,15314000
2021-09-10,139.81954956054688,143.63323266843653,139.68258396569115,143.13101539105872,36840000
2021-09-13,141.26515197753906,141.87801407207704,140.19076541104684,140.8850133140272,22094000
2021-09-14,141.4755401611328,142.28791402642847,140.68700352159263,141.9231620681561,19674000
2021-09-15,143.346435546875,143.3672741920818,140.28754656710873,141.7008640719296,27408000
2021-09-16,142.53305053710938,143.21787856046222,141.33361711274972,142.87099696216728,26190000
2021-09-17,139.74412536621094,142.3742466109802,139.41659826215943,141.95789782730313,53384000
2021-09-20,137.6792449951172,137.95764383732217,135.2997322450259,137.12543075040233,46518000
2021-09-21,137.99038696289062,138.961549489437,137.24104391217074,138.70150564295537,25332000
2021-09-22,139.23150634765625,139.83048106126535,137.51249995610252,138.25935937751655,25056000
2021-09-23,140.15701293945312,140.63390890331934,139.34862203265052,139.9302261163697,20952000
2021-09-24,141.14849853515625,141.26314134374678,139.18930291273347,139.484572508386,22984000
2021-09-27,140.0141143798828,140.87411738825523,139.017145741917,139.74861853154118,21882000
2021-09-28,134.8114013671875,138.0534004027572,134.34492472467014,137.61521342871015,45772000
2021-09-29,133.34596252441406,136.12248424162405,132.861130950565,135.95276138761872,30848000
2021-09-30,132.67355346679688,134.5260573598816,132.5544581975898,133.25467295688009,37996000
2021-10-01,135.51907348632812,135.8838255062705,133.06759462080367,133.43928275970532,35360000
2021-10-04,132.6571807861328,134.94092038251742,130.06725246602704,134.94092038251742,51202000
2021-10-05,135.00296020507812,136.195457682752,133.03582852986017,133.03582852986017,32404000
2021-10-06,136.5334014892578,136.7170117498164,133.54101160192383,133.739508771599,24364000
2021-10-07,138.18096923828125,138.9918439552087,137.6112685285456,137.85045862396706,25110000
2021-10-08,138.73724365234375,139.2786394526992,138.17349477354347,138.53029594438388,26526000
2021-10-11,137.87228393554688,139.6568048342749,137.81768850604507,138.2474552462398,17954000
2021-10-12,135.42579650878906,138.4608637376956,134.74195266584152,138.43405821002386,36332000
2021-10-13,136.5502471923828,136.96511180410653,135.49521531767547,136.37208893538062,19654000
2021-10-14,140.09251403808594,140.27760845343832,137.78395264117304,138.42808787011938,31894000
2021-10-15,140.30787658691406,140.65525799212097,139.69948208035825,140.55253377590688,30274000
2021-10-18,141.707275390625,141.7251457353719,140.01159169518291,140.01854295640226,20396000
2021-10-19,142.16285705566406,142.5851727491795,141.5306404974809,142.3122259032988,20164000
2021-10-20,140.70587158203125,142.4695538565035,140.3163131219319,142.2631058944433,23288000
2021-10-21,140.8219757080078,141.08995517513137,139.44636796925485,140.70584874819411,26292000
2021-10-22,136.53489685058594,139.528771131412,135.0357259164038,138.10651842470995,50588000
2021-10-25,136.41629028320312,136.96513715391242,134.40845059559413,136.51851473554404,34412000
2021-10-26,138.26380920410156,139.0324915543169,137.26734051447318,138.21914848241224,49236000
2021-10-27,145.12098693847656,147.53524032864095,138.35957512544428,138.35957512544428,85782000
2021-10-28,144.75527954101562,146.0544690636937,143.54244317975258,146.03114674370437,36206000
2021-10-29,146.93582153320312,147.130350898697,143.56479194555195,143.9900759970739,43320000
2021-11-01,142.42091369628906,146.93581200680188,142.15145003137462,146.93581200680188,46924000
2021-11-02,144.3418731689453,145.5095488289708,143.25309962931374,143.49527310478769,33482000
2021-11-03,145.49867248535156,145.56913921007816,143.50671917135764,144.8063933276679,27494000
2021-11-04,147.1556396484375,148.61064946538178,145.2108308442372,146.02120570689476,38412000
2021-11-05,147.73574829101562,149.20017778946539,147.08566141589458,148.05085702722778,38354000
2021-11-08,147.9134063720703,149.48552742281953,147.31740001470018,148.70144323665562,23052000
2021-11-09,147.8017578125,148.71088906033273,146.14079981403162,148.11389827574533,19530000
2021-11-10,144.79942321777344,146.95961498797055,143.4536043601575,146.39388220777226,29970000
2021-11-11,144.67340087890625,146.4291476158048,144.50864533911016,145.39098629504358,16518000
2021-11-12,147.56304931640625,147.73377171558494,144.3205504253786,145.5160161174187,22360000
2021-11-15,147.3387451171875,148.42801853120432,146.46832288502367,147.78388336285937,23508000
2021-11-16,146.7670440673828,147.64688590322348,146.20776288250931,147.03849156149798,18904000
2021-11-17,146.93675231933594,147.44540591338696,146.13581259180512,146.91739782821745,19594000
2021-11-18,148.71485900878906,149.45129909726722,146.77551730421044,147.1298348231303,35608000
2021-11-19,147.80967712402344,149.83438735066673,147.78238698513604,148.85080652363035,33682000
2021-11-22,145.2048797607422,148.70592331969485,145.05154308495818,148.2126562711061,30594000
2021-11-23,144.68878173828125,145.5602035724951,143.03429028793806,145.05700179836145,27218000
2021-11-24,145.02423095703125,145.1527611600918,143.29033776996786,144.38257946964197,18040000
2021-11-26,141.1167755126953,143.47346574331712,140.7788290261977,143.26603338725357,30470000
2021-11-29,144.43914794921875,145.20039440867032,142.8144154479387,142.92012308902753,32596000
2021-11-30,140.8334197998047,144.90514856073972,140.53963428895196,143.9210829537651,42068000
2021-12-01,139.9937286376953,144.8559922423106,139.85527889177976,142.9201188972118,34020000
2021-12-02,141.8938751220703,142.78563565182435,139.1629985850342,140.1907403286436,29194000
2021-12-03,140.93661499023438,143.31712699642003,139.24886668872693,142.60352464934857,41230000
2021-12-06,142.08145141601562,142.77371527498664,139.09898165315073,141.96780813545473,30618000
2021-12-07,146.16510009765625,146.42464415034237,144.1384060347131,144.50464210812356,32240000
2021-12-08,147.07522583007812,147.2801896212736,145.30809084120318,146.48965394073545,24270000
2021-12-09,146.53135681152344,147.98189902251838,146.01178401342344,146.48421241020347,23270000
2021-12-10,146.89163208007812,147.86031099599933,145.60386142739566,147.58489560327317,24458000
2021-12-13,144.73294067382812,146.86036006274796,144.42625220003177,146.67326661525007,27070000
2021-12-14,142.82781982421875,143.39652088196925,140.15600616019245,142.88836698093175,38446000
2021-12-15,145.34280395507812,145.6207029675227,140.61552216017054,142.33354383149216,36370000
2021-12-16,143.36180114746094,146.56955875627122,142.53007278515918,146.06685680328061,33650000
2021-12-17,140.66220092773438,142.75587874027252,140.24038500191537,141.43138309383306,50416000
2021-12-20,140.5450897216797,140.71134455015442,138.27623682243168,138.9501458780245,27192000
2021-12-21,142.3966064453125,142.7901327368822,139.4488771998358,140.988241195714,28756000
2021-12-22,145.3170166015625,145.4013858438992,141.9946312572679,141.9946312572679,26322000
2021-12-23,145.8147735595703,147.1318182358359,145.3537488598615,145.40139302599,26384000
2021-12-27,146.79734802246094,147.23156722380827,146.06587524675373,146.15172864562504,15976000
2021-12-28,145.5869903564453,147.18690148034136,144.9592413503814,147.12437040398524,18200000
2021-12-29,145.55520629882812,146.31150052438304,144.5552695994406,145.54478697871397,17788000
2021-12-30,145.1041259765625,146.19538324277852,144.89967709451196,145.59392492050907,15688000
2021-12-31,143.7657470703125,145.59839661195713,143.7657470703125,144.9547612243931,18136000
2022-01-03,143.90419006347656,144.7572416495097,142.63527431481612,143.9672057510473,28646000
2022-01-04,143.316650390625,145.38650621065128,142.6387735560891,144.30566816404834,28400000
2022-01-05,136.7418212890625,143.41589690893608,136.65548327199204,143.3369947744093,54618000
2022-01-06,136.71450805664062,138.89057101080056,135.53442915294616,135.97113194890792,37348000
2022-01-07,135.98948669433594,137.41025492629657,134.74836087315734,137.10951820455404,29760000
2022-01-10,137.62960815429688,137.7784923866588,132.1659006036538,134.06504915322984,44408000
2022-01-11,138.68809509277344,139.16450641786577,135.6674310302053,136.97207234315368,28730000
2022-01-12,140.36990356445312,141.53857889929625,139.63943036795163,140.09150474264098,26108000
2022-01-13,137.54774475097656,141.7787770936722,137.37107060354336,140.47858803319025,31436000
2022-01-14,138.43450927734375,139.68655414467383,135.97112758394667,136.05101408605333,29662000
2022-01-18,134.97813415527344,136.10313304122235,134.42283585614052,135.15380874741192,34872000
2022-01-19,134.10324096679688,136.92492316466289,134.00300044131276,135.4996873505958,28648000
2022-01-20,132.3078155517578,136.59394277770195,131.96738542394968,135.2282544434575,29908000
2022-01-21,129.3739776611328,133.8541189227076,129.1109655382856,131.59916895693448,55652000
2022-01-24,129.8231201171875,130.21913013214655,123.56639207519133,125.03330561180694,76622000
2022-01-25,125.98310852050781,128.42863539946603,125.55187278454918,127.77458065092937,46960000
2022-01-26,128.26388549804688,132.0026351291837,126.18856248123481,130.13574398925348,49130000
2022-01-27,128.03758239746094,131.6577209195891,127.96561639041133,130.31933794967972,31950000
2022-01-28,132.3509979248047,132.3564650399575,127.52149075583363,128.68668292409265,34362000
2022-01-31,134.28883361816406,134.4570723226851,131.2180418602811,133.15589912842472,39986000
2022-02-01,136.61178588867188,136.75967057677127,133.36085185882231,136.56265758061303,68644000
2022-02-02,146.89015197753906,150.41005044814193,144.43123734697568,150.11578031488366,123200000
2022-02-03,142.01695251464844,148.5525777136567,141.5956363601921,144.6128476273502,71518000
2022-02-04,142.21841430664062,143.78855127597606,139.46124724612397,142.36878265835006,57998000
2022-02-07,138.15711975097656,143.16825272340563,137.85836692860573,143.16825272340563,54974000
2022-02-08,138.35366821289062,138.95015933726904,135.98655845043803,137.98396396203816,54284000
2022-02-09,140.5301971435547,141.45571462604343,139.13573444735914,139.90641595810757,40144000
2022-02-10,137.58045959472656,140.42348014805845,136.92243712049645,138.65584550663925,39330000
2022-02-11,133.27552795410156,138.1129712080033,132.39963847863444,137.56065622822797,39958000
2022-02-14,134.5096893310547,135.27788715232825,132.25720762086638,132.25720762086638,34302000
2022-02-15,135.58409118652344,137.07284283056677,134.80299027969542,136.53886766966463,26680000
2022-02-16,136.70510864257812,137.05049099274288,133.9122003011313,135.62178690030257,25022000
2022-02-17,131.54507446289062,136.08526315724788,131.48502706977027,135.22129248130244,38950000
2022-02-18,129.42510986328125,133.06461847926178,129.2201611900481,132.46612837230094,45620000
2022-02-22,128.8400421142578,131.18928131742402,127.26195393463564,128.8643488187509,44990000
2022-02-23,126.63121032714844,131.0607395809099,126.57116292849084,130.66126157793636,32786000
2022-02-24,131.69595336914062,132.00264189308302,124.01648090757979,124.01648090757979,54456000
2022-02-25,133.451171875,134.25707905584127,130.76347180550337,132.55047613745694,36406000
2022-02-28,134.04420471191406,134.73348521833475,131.5981781769132,132.05225159221422,38864000
2022-03-01,133.05613708496094,135.2336840515846,132.2194717648457,133.86701155976328,26496000
2022-03-02,133.56234741210938,134.24815989047295,132.07359595195584,133.6184269882909,23520000
2022-03-03,132.8953857421875,135.41633147676816,132.02793179963612,134.99004795968622,24604000
2022-03-04,130.9173126220703,132.84773411932804,129.36007848583986,131.93066729654552,30430000
2022-03-07,125.4307861328125,130.74711632419786,125.3479086063169,130.50197452038165,45112000
2022-03-08,126.15133666992188,130.26574953506457,124.73206001019544,125.30324479087164,40428000
2022-03-09,132.4194793701172,132.73261936692816,128.92637143258065,130.26575405375206,37026000
2022-03-10,131.4364013671875,132.27258215796604,129.93077920872005,130.28162863784974,27102000
2022-03-11,128.89657592773438,132.79214466049783,128.6593698076574,132.48744012522693,31526000
2022-03-14,125.0064697265625,129.43103865307825,124.33554424721817,129.27323441185283,38812000
2022-03-15,128.22914123535156,128.88072746557518,124.77771812675637,126.02380390981074,30920000
2022-03-16,132.28102111816406,132.33311772405185,127.76910672795162,129.75262441968042,35576000
2022-03-17,132.8353271484375,133.0750169543275,131.19372381937578,132.15049913160888,28264000
2022-03-18,135.1046905517578,135.22230167112554,131.2666850458185,132.42394150815238,44566000
2022-03-21,135.08087158203125,136.02226032262783,133.0869344773446,135.1424031283874,26832000
2022-03-22,138.81912231445312,139.99226524903366,135.08087260988333,135.08087260988333,35496000
2022-03-23,137.23855590820312,138.54171310581177,136.8013684687144,137.66235573176738,25154000
2022-03-24,140.51034545898438,140.5569900941861,136.7175005538764,138.1561240851599,26396000
2022-03-25,140.61058044433594,140.9698652761117,138.68959391227574,140.8517544009212,24126000
2022-03-28,140.3947296142578,140.9376247499745,138.76304562317353,139.84388368780657,35050000
2022-03-29,141.43685913085938,142.71521012259907,140.97336584085934,141.5778077356635,34318000
2022-03-30,140.87408447265625,141.65021781088518,140.53812197630958,141.39167328610918,19884000
2022-03-31,138.02462768554688,141.04232360786241,137.98195087256153,140.9877281817403,37524000
2022-04-01,139.09950256347656,139.4175947580096,137.2703210012843,138.453883236437,25942000
2022-04-04,141.89935302734375,142.63430898174366,139.2583123546928,139.3059565218583,25942000
2022-04-05,139.53671264648438,141.91820924459833,139.32978006321648,141.79762982217596,21418000
2022-04-06,135.5240020751953,138.31541054878005,134.50072794464424,137.70948469684797,32468000
2022-04-07,134.8694610595703,136.13589316323527,133.2209064212302,134.99004046750798,26234000
2022-04-08,132.28797912597656,134.65260481245758,131.96838763466556,134.56675141890017,25142000
2022-04-11,127.8574447631836,131.10192750746063,127.70360833102498,130.83494754462106,36884000
2022-04-12,126.75675964355469,130.6131276162825,125.83820106848967,130.6131276162825,32710000
2022-04-13,128.919921875,129.3566247373108,126.78306734700756,127.04012777095205,27928000
2022-04-14,125.77964782714844,129.5010341712906,125.65160981411958,129.5010341712906,31598000
2022-04-18,126.71903991699219,127.2510159180597,125.2357481055493,126.04761463139059,20808000
2022-04-19,129.0340576171875,129.35561786649717,126.04711985372514,126.73393183820416,26490000
2022-04-20,127.07981872558594,130.41363823819555,126.54387486028567,129.91043648589024,31696000
2022-04-21,123.87849426269531,129.12286527754452,123.59265202342968,128.28073280257334,36446000
2022-04-22,118.73834228515625,124.46160122256957,118.03317534641822,124.06261542731319,56884000
2022-04-25,122.15106201171875,122.35303480833002,117.62228414008575,118.20785607828329,46128000
2022-04-26,117.76023864746094,121.59129290122091,117.62228107667312,121.37740906871237,73054000
2022-04-27,113.43739318847656,116.3627840575596,111.89107816216398,113.6110762978176,91820000
2022-04-28,117.6336898803711,118.75223733155552,113.2592408453906,115.54199599993349,48884000
2022-04-29,113.2537841796875,117.03571013783196,112.96099821693325,115.85909917190497,42676000
2022-05-02,115.70874786376953,115.87002776684969,111.75561456164147,112.55457819437993,35534000
2022-05-03,116.45410919189453,117.55380196982412,115.16435465778821,115.55738116745341,24968000
2022-05-04,121.34416198730469,121.93320955294836,114.25273835602403,116.15387837554545,49916000
2022-05-05,115.63182067871094,120.13132441982566,114.14306924777586,119.30258703193357,45840000
2022-05-06,114.8785171508789,116.68983605123141,113.1605026751049,114.32073509250367,39710000
2022-05-09,111.66727447509766,114.21403375682236,111.16060468534064,112.40073109237771,40802000
2022-05-10,113.53713989257812,115.37823243873659,112.05384804886181,114.64130019962774,39900000
2022-05-11,112.7505874633789,115.49187605345283,112.38733478952014,112.38733478952014,37534000
2022-05-12,111.99778747558594,113.43790288948209,109.000929902231,110.54228538807705,53836000
2022-05-13,115.18022918701172,116.99104817996168,112.75307250236035,113.67410719481575,35038000
2022-05-16,113.5867691040039,115.2988317009477,113.03543859089471,114.0934388924006,25990000
2022-05-17,115.59955596923828,116.02335578859825,114.00858018939827,115.96430034993351,23054000
2022-05-18,111.06035614013672,114.53460916918733,110.71893406247878,114.13760728159772,35126000
2022-05-19,109.55622863769531,112.16253561354502,109.17510560363476,110.59587399910443,34144000
2022-05-20,108.09129333496094,111.34223530640575,105.00313054945167,111.11147307486713,48962000
2022-05-23,110.65193939208984,111.30649385728398,107.92553778216092,108.76569397448277,37184000
2022-05-24,105.17533111572266,105.66017033298499,101.12046571648337,104.9788178581926,76780000
2022-05-25,105.01156616210938,105.70135403815657,103.07767643363695,104.19820785575082,40258000
2022-05-26,106.9841537475586,107.83472166540481,104.4359029084361,104.88451675621047,37948000
2022-05-27,111.47422790527344,111.47571962495518,108.32005857394647,108.66198041267312,37914000
2022-05-31,112.90889739990234,114.86710140737668,111.23801982101067,111.90100974803613,50012000
2022-06-01,113.03791046142578,116.22334524027508,112.4007265817402,113.99369385313507,36606000
2022-06-02,116.74044036865234,117.01536355537438,112.09951102289412,113.14510810652334,37992000
2022-06-03,113.68205261230469,115.44920287025536,112.66722129124575,115.19214245668354,26136000
2022-06-06,115.9444580078125,118.45200851593447,115.29287939106017,115.8293229932543,33542000
2022-06-07,116.27098083496094,116.80842394302496,114.18921415892557,114.61449812422804,31590000
2022-06-08,116.3151626586914,117.68134325609861,115.7256153068181,115.8859032493853,26108000
2022-06-09,113.97434997558594,117.41187812168785,113.9152945311241,115.45515824119836,25798000
2022-06-10,110.32788848876953,112.42950946002966,109.53835232190883,111.60176406792269,41452000
2022-06-13,105.59465789794922,107.97566213644032,105.32321034517643,105.98570048108614,47252000
2022-06-14,105.91522979736328,107.11516302340985,105.0065983723719,105.73608714050434,33706000
2022-06-15,108.94137573242188,110.58793144263325,106.8620849971601,107.73101553417992,39698000
2022-06-16,105.23834228515625,107.83372995527769,104.34955756910561,106.416937075221,51684000
2022-06-17,106.34002685546875,107.88435809204175,104.25825247727627,105.23835019470714,51376000
2022-06-21,110.70752716064453,111.64594004037723,107.78560405644993,108.11263143059072,47416000
2022-06-22,110.65144348144531,112.4964961727046,109.5547266912255,109.72742541621976,30774000
2022-06-23,111.40028381347656,111.89703403190568,109.67185020461025,111.38986449241077,28362000
2022-06-24,117.09028625488281,117.19351022023095,112.10545164482099,112.14763626270204,41164000
2022-06-27,114.9648666381836,117.69026895389891,114.31576408761653,117.38607170273899,36420000
2022-06-28,111.16755676269531,116.4297990650934,111.00925273017768,114.93409628469169,35792000
2022-06-29,110.86384582519531,112.31190436109492,110.04106016755956,110.71546893086192,24716000
2022-06-30,108.1458740234375,110.05644130249395,105.94947205566056,109.17510001051674,43170000
2022-07-01,107.92207336425781,108.43072706417608,105.93012023346462,107.12360200109673,35476000
2022-07-05,112.41363525390625,112.52677878685982,104.93861261421623,106.29734968195305,39342000
2022-07-06,113.71281433105469,114.72268583730312,110.64003080778706,112.45234149088837,37432000
2022-07-07,117.8922348022461,118.2956881859461,113.97235893217574,114.21700853285823,40936000
2022-07-08,118.45846557617188,118.78747686308,116.02484973064558,116.37073941015483,38238000
2022-07-11,114.80903625488281,117.11312990957636,114.4656302547842,117.11312990957636,31196000
2022-07-12,113.16545104980469,116.09680135877986,112.83743173792418,115.34349049696124,29960000
2022-07-13,110.5184555053711,113.3396382596684,110.36759493610163,110.86334564985317,43722000
2022-07-14,109.53984832763672,110.25990976214192,107.56030598074837,109.38402798124689,37004000
2022-07-15,110.93927001953125,112.29205534108347,110.06835559507293,111.16060487695782,46770000
2022-07-18,108.21237182617188,112.82750252180041,107.5573251702464,111.7953006779903,43164600
2022-07-19,112.95653533935547,113.16495963876075,108.73840612847393,110.01873331526212,36530900
2022-07-20,113.04585266113281,114.53460399317886,111.63650321745263,112.32132368111083,35600400
2022-07-21,113.48255920410156,113.69099107486413,110.27678525693223,113.42301156798746,32676200
2022-07-22,107.09083557128906,111.49753388107995,105.70133296621734,110.16758647183215,48901200
2022-07-25,106.70378875732422,109.04609181369489,105.50286340953636,107.59704120630998,34690900
2022-07-26,104.23245239257812,106.39610489008601,103.28957946507946,105.80060580049833,47991000
2022-07-27,112.21215057373047,113.05578240581903,107.20002551652622,108.44065165526703,59858500
2022-07-28,113.36347198486328,113.48256726555165,110.62416694629869,111.5273465431569,32816600
2022-07-29,115.44770812988281,115.83478288766385,112.21215297072065,112.23200722978598,37223400
2022-08-01,113.99864959716797,115.84470180597212,113.48254490858795,114.4353523994771,26034300
2022-08-02,114.26663208007812,115.4774844552109,112.86720967281481,113.14510872831781,20236000
2022-08-03,117.19451141357422,117.73046282343833,114.61401051481387,114.84228148786751,28499000
2022-08-04,117.3036880493164,117.88925996691131,116.01343380363976,116.59901329341588,21602900
2022-08-05,116.58908081054688,117.22428077464862,115.1301032900635,115.35838182662235,19159500
2022-08-08,116.42036437988281,119.24899057090587,116.00350822632574,117.50218677995531,19138300
2022-08-09,115.7553939819336,116.44022212507356,114.84229483920168,116.26157163434931,19086500
2022-08-10,118.80235290527344,120.01320519651877,117.52203342714638,117.88925390839957,30930400
2022-08-11,117.94880676269531,120.57893573886966,117.67090771413612,120.37051145245026,24293700
2022-08-12,120.76751708984375,120.76751708984375,118.56416374756623,119.35816754426888,19096300
2022-08-15,121.16451263427734,121.3828640455292,119.70553508834992,120.22163222861532,19494800
2022-08-16,120.787353515625,121.51188248647642,119.73530501072639,120.60870305515347,19041200
2022-08-17,118.65348815917969,120.3804376418693,118.48475724771684,119.21921338138048,22847000
2022-08-18,119.26883697509766,119.91396410503756,117.82971363092356,118.53438839458119,17987700
2022-08-19,116.3310317993164,118.25648600514175,115.8844094146696,118.16715698490374,21809500
2022-08-22,113.38331604003906,114.76289187196363,112.99624124243041,114.3361161243205,21456600
2022-08-23,113.00615692138672,114.14753450962371,112.57938121699137,112.62900929255083,15870400
2022-08-24,112.83744049072266,113.91926294010845,112.02358997809887,112.64886287866464,17734600
2022-08-25,115.77523803710938,115.84471280114529,113.2542847000928,113.38330709839337,16956800
2022-08-26,109.51254272460938,114.25670325958635,109.36367365135987,113.85970139583262,37245700
2022-08-29,108.59944915771484,110.1179743580815,107.98410343176194,109.16517438083538,21191200
2022-08-30,108.12306213378906,109.67136128172704,106.99161159149872,109.34383413206885,27513300
2022-08-31,107.40845489501953,110.01872968878591,107.31912587125797,109.82023252604237,28627000
2022-09-01,108.91705322265625,109.62172799554575,106.55490366400493,107.46800272981824,28360900
2022-09-02,107.04122924804688,109.90955647633426,106.45565730411391,109.7606798148013,24160700
2022-09-06,106.00901794433594,107.21987024518616,104.98674323622889,106.49534883381243,25068300
2022-09-07,108.62921905517578,109.15525088592688,106.09834633659005,106.25714254097879,23167000
2022-09-08,107.56724548339844,108.77809780045992,106.35640073851793,107.22979880995165,24238300
2022-09-09,109.82022857666016,110.15767525562512,108.20244722697193,108.25207530196377,23197700
2022-09-12,110.02867126464844,110.78297421203561,109.10564494955878,110.15769368015343,22966800
2022-09-13,103.53770446777344,107.48786179672693,103.30942590501988,106.99161129456695,38172900
2022-09-14,104.21259307861328,104.49049211527398,102.88264552539968,103.78581739454697,26395100
2022-09-15,102.13827514648438,104.48057039335076,101.5824694722177,103.2498713506553,34188300
2022-09-16,102.02909088134766,102.35661040850711,100.18303868602453,101.30456192573307,42797200
2022-09-19,102.29707336425781,102.55512573336215,100.78847524094766,100.98697240353168,23036800
2022-09-20,100.38153839111328,101.60231780519607,99.7661851195669,101.31449164135248,26517100
2022-09-21,98.5354995727539,102.10850171286519,98.52557244239148,100.90757639319294,31487300
2022-09-22,99.38904571533203,100.48079525894666,98.0491709312513,98.07894474855821,34298600
2022-09-23,97.99954223632812,98.9126488703435,96.73906935446827,98.88286748104298,31625400
2022-09-26,97.43380737304688,99.13098293087734,97.0665869019313,97.36433261590226,27072700
2022-09-27,96.76884460449219,99.2500970302484,96.14357171918695,98.68437178006324,30072800
2022-09-28,99.29972076416016,99.94484030889338,96.38176561600726,96.91771702518929,32466300
2022-09-29,96.68943786621094,97.90029020087542,95.24038743081641,97.90029020087542,31047200
2022-09-30,94.93272399902344,98.15835231135912,94.84339496976266,96.3222269403121,32941500
2022-10-03,97.9002914428711,98.54541856387281,95.7961867385492,96.0343924144823,27982000
2022-10-04,100.87779998779297,101.07629715686122,99.62724662055442,99.6868018290202,28850800
2022-10-05,100.66937255859375,101.16562303801653,98.05909776281518,99.0813725388771,22176900
2022-10-06,100.65945434570312,102.15813304653105,99.83567665956349,99.92500569130712,22324000
2022-10-07,97.93999481201172,99.77612006938209,97.56284717405835,99.10121911523618,27502800
2022-10-10,97.12614440917969,98.35684347756712,96.28252010885105,98.2575948961487,18225100
2022-10-11,96.45124053955078,98.50571715876575,95.5877620057255,96.69936577168872,26507100
2022-10-12,96.82838439941406,98.00946288154012,96.0145339725508,96.57033961999998,21876400
2022-10-13,98.31713104248047,99.03173286068407,93.67222679633758,94.43645668554218,34574500
2022-10-14,95.83587646484375,99.93490968518162,95.64730645869946,99.2401545699849,25410700
2022-10-17,99.2203140258789,100.17311396048777,98.08886363026959,98.11863744507288,28419200
2022-10-18,100.01432037353516,102.69407756152302,99.22032413323551,102.35662329095497,24060700
2022-10-19,98.88286590576172,100.26244160630186,98.17819114716923,99.2600211090797,23811100
2022-10-20,99.2203140258789,101.55268957569878,98.64466169907956,99.25008784068218,25323200
2022-10-21,100.37161254882812,100.55026301239435,96.98718844238796,97.11621083244879,32458700
2022-10-24,101.75119018554688,101.97946872710929,99.23024453211379,101.03659588940504,27176400
2022-10-25,103.69650268554688,104.03394937421807,101.94969889168885,102.12834936574457,40611400
2022-10-26,94.21810913085938,97.57275938958455,93.9799110391379,95.70686045543493,88114100
2022-10-27,91.5284423828125,94.71436964764622,91.11159378491239,93.81119011334766,60710900
2022-10-28,95.56792449951172,95.82597688593535,91.43911660546121,91.57806614303196,43697300
2022-10-31,93.80126953125,95.30986768573264,93.27524522456974,94.70444148350553,31675000
2022-11-01,89.79156494140625,95.30986797136448,89.692316357766,94.7342155851969,47161400
2022-11-02,86.31781005859375,90.49623820875753,86.22848103429116,90.25804009758635,57038300
2022-11-03,82.80435180664062,85.87117600546605,82.71502278657815,85.67267885094222,61288000
2022-11-04,85.93073272705078,85.99028036002329,83.08225231902676,84.75958132144375,51124900
2022-11-07,87.82640075683594,88.2333297523098,86.19869991930204,86.62547560061769,34078900
2022-11-08,88.23332214355469,89.64267145439061,86.93314095370565,88.23332214355469,30429000
2022-11-09,86.6651840209961,88.76928879424014,86.62548307370679,87.7867073862383,31769100
2022-11-10,93.23552703857422,93.68214936713206,90.92299837055842,91.55819827312874,51620100
2022-11-11,95.68701934814453,96.20311650565995,93.21568655329872,93.97991651822383,33090500
2022-11-14,94.98233795166016,96.06416792544084,93.80126696942858,94.37691176596793,30179500
2022-11-15,97.70178985595703,99.38903833699794,95.98475998763868,97.52313939319663,41640800
2022-11-16,98.10872650146484,98.89280323342018,96.90780114913285,97.16585354030117,29105200
2022-11-17,97.62239074707031,98.53548977287406,96.06416461114264,96.24281507898955,26052600
2022-11-18,96.6993637084961,98.15834125388724,95.64731516977584,98.02931128973258,28342300
2022-11-21,94.88308715820312,97.66209278418218,94.64488905580471,96.56041614884042,21647400
2022-11-22,96.32221984863281,96.49094319214763,93.34471701030947,95.23046275016921,23438500
2022-11-23,97.72164154052734,98.01939485108537,96.36191252817821,96.36191252817821,18868100
2022-11-25,96.72914123535156,97.90029265387534,96.66959360172228,97.5032907612572,9701400
2022-11-28,95.32972717285156,96.84825254058707,94.89302429557998,96.31230107453067,26237500
2022-11-29,94.47616577148438,95.39919193752951,93.40426295178399,95.01211718133456,20061700
2022-11-30,100.23267364501953,100.28230172378092,93.7119423925294,94.10894430607547,43647500
2022-12-01,100.23267364501953,101.48322702242606,99.49822502687739,100.26244746340369,28687100
2022-12-02,99.6867904663086,100.01431000072103,98.15833820772113,98.30721485364356,21480700
2022-12-05,98.73400115966797,100.6197469703689,98.25759735587957,98.65459926367298,24405100
2022-12-06,96.25275421142578,99.03175258070746,95.69694847982385,98.5553563218281,24910700
2022-12-07,94.22804260253906,96.1534892961787,94.00969118202147,95.68702021037814,31045400
2022-12-08,93.00725555419922,94.8632349057904,92.74920320796852,94.66473018862035,32213300
2022-12-09,92.13386535644531,93.55314202323372,92.05446346281963,93.0668111039124,28225400
2022-12-12,92.61026000976562,92.85838524401936,90.92301144571273,92.0147609619929,29420000
2022-12-13,94.91287231445312,98.78362790875684,94.31737320121765,97.02690438888486,40593700
2022-12-14,94.35706329345703,96.14356799976107,92.89808571200558,94.48608568861964,28733600
2022-12-15,90.17863464355469,92.93778600326951,89.33501037181313,92.43160841135212,40107000
2022-12-16,89.58313751220703,90.64511322161134,88.84868136014701,90.07938798524047,58011800
2022-12-19,87.77678680419922,89.88088398070708,87.54850825299513,89.5831382377842,29493000
2022-12-20,88.35242462158203,88.51122839633814,86.78427899285954,87.44925276224407,23453800
2022-12-21,88.90823364257812,89.54343362140024,87.6576803714429,88.41198318586204,24745600
2022-12-22,87.10188293457031,87.87603244128935,85.67267918543912,87.49888481734911,27658300
2022-12-23,88.56086730957031,88.87846732577863,86.41706152102789,86.45676246957663,23003000
2022-12-27,86.73466491699219,88.27304455142956,86.35751724935542,88.13409501218538,20097300
2022-12-28,85.37493133544922,87.37978756410344,85.29553701156534,86.3277389438716,19523200
2022-12-29,87.78670501708984,88.18370690708726,85.96050692415548,85.97043405375527,23333500
2022-12-30,87.568359375,87.63783413641092,85.9208042155681,86.32773322681854,23986300
2023-01-03,88.4516830444336,90.36721008671273,87.85617644594524,88.91815210738409,28131200
2023-01-04,87.41948699951172,89.97021418207204,86.61555606707714,89.67246086306939,34854800
2023-01-05,85.55358123779297,86.9133103030513,85.25583548783042,86.81406171973046,27194400
2023-01-06,86.68502807617188,87.03240946135887,84.2236299964327,86.13915710492884,41381500
2023-01-09,87.35992431640625,89.37470746783313,87.20112811279385,87.69737855387638,29003900
2023-01-10,87.7569351196289,88.00506036543571,85.18636120771751,85.33523786963791,30467800
2023-01-11,90.83367156982422,90.9130734526209,88.34249996756573,88.51122328937346,26862000
2023-01-12,90.44660949707031,91.18106565731547,89.07696090221926,90.79399088981015,30258100
2023-01-13,91.42919158935547,91.49866635399357,89.4541092177354,90.16871112383096,26329200
2023-01-17,90.60540771484375,91.5582076664508,89.37470872387392,91.36963007309137,32602400
2023-01-18,90.43669128417969,92.10409321983435,89.96028748591486,91.4490389437429,29116700
2023-01-19,92.35221099853516,92.90800907477109,89.9503530858423,90.03968210362642,37000400
2023-01-20,97.2849349975586,97.56284161050858,94.3074322941516,94.38683418356587,63191100
2023-01-23,99.04166412353516,99.28978934453644,96.76883619050167,97.21545855943167,40005100
2023-01-24,96.96733093261719,98.86301120868093,96.47108050292687,97.36433279080558,33078500
2023-01-25,94.50594329833984,95.43889663050726,93.05689279504284,94.85331712238681,42330000
2023-01-26,96.78868865966797,96.83831673570589,94.66473724676266,95.77634102925325,30114000
2023-01-27,98.62481689453125,99.56768971813064,96.58025989693051,96.58025989693051,33879800
2023-01-30,96.21305084228516,97.55292569844815,95.67709938538358,96.74900229918671,27226200
2023-01-31,98.09878540039062,98.13848634508432,96.09393691253494,96.1435649864473,29870700
2023-02-01,99.67687225341797,100.43117510729803,96.84824601659454,97.96976938145957,35531100
2023-02-02,106.93203735351562,107.04121305064062,104.81801331062144,105.00659089150652,69883800
2023-02-03,103.99424743652344,107.001524077653,101.81074839414418,102.15812220922525,65309300
2023-02-06,102.12834930419922,103.57739978303069,101.11599409443309,101.6320988290303,31999600
2023-02-07,106.83279418945312,107.36874557367616,102.3466935405881,102.44594211421887,49010200
2023-02-08,98.62481689453125,102.36654194573852,97.30478888374736,101.28471960228619,94743500
2023-02-09,94.29750061035156,99.27985116155742,92.92784469672775,99.25007734990125,119455000
2023-02-10,93.86082458496094,96.0244771904337,93.54322454985402,94.73422278845942,54980700
2023-02-13,93.90050506591797,94.48607692679491,93.13627517879665,94.02952744911616,50076100
2023-02-14,93.9699935913086,94.13871694148641,91.56814302420062,93.72186834498302,54726100
2023-02-15,96.21305084228516,96.39170132791901,93.44397210105132,93.78141881159203,50169000
2023-02-16,94.79376220703125,96.94748732289182,94.02953228064146,94.65481268808418,42462600
2023-02-17,93.64246368408203,94.84338893217922,92.51101320001753,94.1387141620816,34284100
2023-02-21,91.10166931152344,92.40184322144354,91.03219454318074,92.30259463412278,33629300
2023-02-22,90.96271514892578,91.41926468512888,89.93051323448256,91.01233565397179,30884000
2023-02-23,90.20841217041016,91.25054121331061,89.08688880510833,91.23068695357419,41206400
2023-02-24,88.46161651611328,89.21591943991449,87.91574547787702,88.76929699297735,36585100
2023-02-27,89.19606018066406,89.48388635539742,88.67002833376313,89.19606018066406,27502300
2023-02-28,89.3846435546875,90.54587555642594,88.65019488627358,88.66012201714169,30142000
2023-03-01,89.68238830566406,90.34736213861636,88.99756021287892,89.30524066283623,31111200
2023-03-02,91.31008911132812,91.58798817098749,88.91815814235167,88.98764047944798,32204400
2023-03-03,92.94770812988281,93.02711001692573,91.75670254078115,91.78648392755778,35160100
2023-03-06,94.4166030883789,95.25030773950542,93.29507985441194,93.3149265396428,32639300
2023-03-07,93.15613555908203,94.95255977422711,92.8286084430734,94.26773929878661,27835500
2023-03-08,93.543212890625,95.24038857658361,93.29508765749337,93.41419049538177,34103300
2023-03-09,91.627685546875,94.81361262324073,91.21083697363413,93.34471548738784,28813500
2023-03-10,89.95035552978516,92.09416114868083,89.72208455892081,91.47880785314275,35941000
2023-03-13,90.42676544189453,91.87581597281934,88.74943635242563,89.41441019573425,37335600
2023-03-14,93.26531982421875,93.65239460696121,91.7467945115858,91.86588978493322,36050200
2023-03-15,95.38926696777344,96.20311744437676,91.94528745764846,92.52093982631897,50622100
2023-03-16,99.56768798828125,100.43116647994931,94.78383404910875,95.4785816363032,65492000
2023-03-17,100.85794830322266,102.06879309004395,99.34934263318691,99.50814641831961,61028500
2023-03-20,100.46094512939453,100.9869694096106,99.12107039122168,99.36919562318633,32960400
2023-03-21,104.1332015991211,104.31185207942887,100.46095098101657,100.4907247990376,42110300
2023-03-22,102.5948257446289,105.79067243730059,102.55512479803791,103.4880705402918,43427400
2023-03-23,104.80809783935547,105.50285304125943,103.67664737256062,104.27214642263456,40797800
2023-03-24,104.64930725097656,104.69892775737729,103.06129960251988,104.20267726028,30393300
2023-03-27,101.69163513183594,103.97439009212668,101.1656108983188,103.83544058033651,31120900
2023-03-28,100.27236938476562,101.6817189110704,98.9920422554838,101.67179935357876,32057900
2023-03-29,100.62966918945312,101.7214187034689,99.89522061779614,101.5129944157898,28779600
2023-03-30,100.13341522216797,100.4013947056614,99.03173861709708,100.15326948059464,33086200
2023-03-31,102.95213317871094,103.11092940289926,100.28230303664719,100.54035541965774,36863400
2023-04-03,103.57740020751953,103.74612355244493,101.16562258542722,101.62217211579193,25035400
2023-04-04,103.93470001220703,104.78825142936967,103.25979906775706,103.54762525002644,24420100
2023-04-05,103.68656921386719,105.30434293895682,102.88264591587884,104.98674295697049,28290500
2023-04-06,107.6069564819336,108.35133223109835,103.54763103113567,104.47065726298723,48711500
2023-04-10,105.64180755615234,106.78317763428655,104.33170655524751,106.17775899818363,27067400
2023-04-11,104.55996704101562,105.9296231127123,103.89499326334945,105.75097264997711,26311800
2023-04-12,103.85530090332031,105.94947855596209,103.55754758342394,105.78075520837217,24370300
2023-04-13,106.62437438964844,106.68392202189075,105.04629398559699,105.04629398559699,24843600
2023-04-14,108.05358123779297,108.12305600146057,106.03879794707,106.08842602348172,26578000
2023-04-17,105.17533111572266,105.3639087269098,103.73620013699751,103.87515724199652,37571200
2023-04-18,103.71635437011719,105.74105731624348,103.28957863776436,105.69142923743296,26596400
2023-04-19,103.39874267578125,104.19274641398663,102.2970660858072,102.80324365821765,20905700
2023-04-20,104.50042724609375,105.45322726139375,103.09107769672384,103.13077864388401,27820800
2023-04-21,104.61952209472656,105.20509398319376,103.99424168995147,104.67906972482673,25800100
2023-04-24,105.17533111572266,105.83037783155005,103.91485061807437,104.69892730879049,23542800
2023-04-25,103.07122802734375,105.88993482379647,103.06130089706625,105.03638335229317,46664100
2023-04-26,102.9322738647461,105.55247579876328,101.86037100841686,104.13319912015552,53347600
2023-04-27,106.7831802368164,107.55733738673939,102.76355568188747,103.6667276651916,50089200
2023-04-28,106.5350570678711,106.5449841983953,104.3019297473879,106.2373113017825,36139800
2023-05-01,106.39610290527344,107.18017959460664,106.018955255746,106.03880194374992,26681700
2023-05-02,104.53019714355469,106.39609615702363,102.93227004814128,106.3365485246071,30997200
2023-05-03,104.61952209472656,106.68391818406765,104.17289215243281,104.7386173549269,21795400
2023-05-04,103.9049301147461,104.80810206984134,103.1903281969406,104.69892635616654,23419500
2023-05-05,104.77832794189453,105.08600082196858,103.32927742271336,104.03395220841355,26639300
2023-05-08,106.96183776855469,107.15041539633948,104.37141692321681,104.39126361300254,26511400
2023-05-09,106.54497528076172,109.32398096474886,106.38617906657517,107.57717717560891,36360100
2023-05-10,110.9119873046875,112.09306592369241,107.12063376861364,107.160334717474,63153400
2023-05-11,115.69584655761719,117.03572145445024,113.55204823712072,114.53462215184068,78900000
2023-05-12,116.62879180908203,117.14488898483823,115.23928892825631,115.80501418168475,41102300
2023-05-15,115.63629150390625,117.59151964950284,115.14004101303124,115.23928959676992,36266800
2023-05-16,118.6137924194336,119.84449149553303,115.55688763062979,115.6164352654177,45035600
2023-05-17,119.9338150024414,120.7575926346341,117.99844111686251,118.71304303528596,33323600
2023-05-18,121.90888977050781,122.38528597148938,119.92388793132871,120.04298319548356,35234200
2023-05-19,121.83941650390625,125.02534358621601,121.233990329754,122.62349314866378,41353400
2023-05-22,124.11224365234375,125.48189220233128,121.81956136739319,122.01806609562544,35253000
2023-05-23,121.64092254638672,123.69539935419489,121.29354870394221,123.22893023558761,34046300
2023-05-24,119.99337005615234,120.99579816666204,118.96116812777687,120.21172148341005,34182600
2023-05-25,122.55401611328125,124.38021415921419,121.04541048455478,123.58621039965489,42317000
2023-05-26,123.67554473876953,124.32067187463625,121.53173903906134,122.24634093896407,35635900
2023-05-30,122.74259948730469,124.71768197166999,121.08512459905116,124.69782771082207,35076700
2023-05-31,121.94859313964844,123.12966410835033,121.58136506611656,121.82949030094537,37325800
2023-06-01,122.79220581054688,123.48695337348924,121.70045639498866,121.89895353520633,30772700
2023-06-02,123.7350845336914,125.2039891873368,122.83191265844434,123.06018362345124,26980100
2023-06-05,125.06505584716797,126.47440548046157,122.91132287552142,123.0800538040451,32305500
2023-06-06,126.35529327392578,127.32793996259925,124.41991945408888,125.06504658476162,26638300
2023-06-07,121.58136749267578,128.07231710182637,121.20421985419401,126.01784799150856,52539000
2023-06-08,121.22406768798828,122.30589768119812,120.33081530189335,121.31339671268852,29389200
2023-06-09,121.31339263916016,122.83191785844093,120.99579264278889,121.33323932610408,23778300
2023-06-12,122.71280670166016,123.11973569214682,120.74765922363488,121.86918247837939,28306400
2023-06-13,122.90139770507812,124.2214258208004,122.25627055608605,124.04277534219001,22278300
2023-06-14,122.74259948730469,123.11975472159648,120.53924600846138,122.17687420804884,30592300
2023-06-15,124.15193939208984,124.51916746718288,121.48211700306517,122.21656558106999,35246300
2023-06-16,122.60363006591797,125.16428410291157,122.35550485083365,124.98563364516363,45535600
2023-06-20,122.17686462402344,123.63584222244113,121.22406462697502,122.00814128096077,26097500
2023-06-21,119.64598846435547,121.74016600309444,119.19935850880321,121.48211364469854,30306300
2023-06-22,122.22648620605469,122.31580765157227,117.9388826610508,119.10010688586456,26952200
2023-06-23,121.42255401611328,121.86918395539071,120.15215410135052,120.46975408004121,34913600
2023-06-26,117.45256042480469,121.08511758706368,117.38308566022395,119.85441851212727,33969900
2023-06-27,117.44264221191406,118.18701794330883,115.22936170547375,116.20201599292278,39535900
2023-06-28,119.27876281738281,119.48718710532653,115.97373288245846,116.21193098693968,27091400
2023-06-29,118.20685577392578,119.15965573005691,117.41285959657364,118.34580529426692,24090900
2023-06-30,118.80235290527344,120.17200897276508,118.79243334839367,119.26882953277098,29532200
2023-07-03,119.0008544921875,119.28868064991963,117.9289517472914,118.34580029069079,14467900
2023-07-05,120.83699035644531,121.69054177705794,118.33589130053984,118.34581085804417,27584800
2023-07-06,119.20929718017578,119.39787479559047,117.51212135798899,118.90162428949438,24745200
2023-07-07,118.58402252197266,120.1422487852775,118.50462062484308,119.19936829427263,21709500
2023-07-10,115.57673645019531,117.42278888448908,115.2690635685402,117.41286932662906,35315200
2023-07-11,116.26155853271484,116.82728376089246,114.48498095632307,115.41793425521223,23078800
2023-07-12,118.03813934326172,119.42764220013913,117.52204217640053,117.90911694459177,30404400
2023-07-13,123.60607147216797,123.89389766157021,119.54673857522506,120.02314237165878,44297900
2023-07-14,124.47947692871094,125.82927893055157,122.56394964464167,123.86413113846548,33283100
2023-07-17,123.7152328491211,126.14685691026072,123.26860292193302,124.995559858238,25716200
2023-07-18,122.8319091796875,123.74500815821673,122.03790545876947,123.6656062716888,26193600
2023-07-19,121.1148910522461,124.24127059365078,120.88662007165094,123.66561821898068,37224000
2023-07-20,118.30611419677734,123.15944340000809,117.3334674734311,120.50946759155578,37906800
2023-07-21,119.11994934082031,120.08267638216759,117.83962990079293,119.71545591184214,72937900
2023-07-24,120.61864471435547,122.07762238859752,120.07277371039838,120.74767468990552,29686100
2023-07-25,121.29354858398438,122.22650196463995,120.11246994865928,120.44992423254439,52509600
2023-07-26,128.3005828857422,129.99775077593387,127.35771015292899,129.09458655603345,61682100
2023-07-27,128.4296112060547,132.24082619562287,127.82418504749104,130.6825925035767,44952100
2023-07-28,131.5857696533203,132.73707431896543,129.59084831881933,129.799265024623,36591200
2023-07-31,131.72471618652344,132.52863946512642,130.7917629491062,131.7346357432163,28055500
2023-08-01,130.56350708007812,131.6354099568871,129.70002092843689,129.79927708428264,23166800
2023-08-02,127.41726684570312,129.1144348566753,126.60340886103654,128.4792349041098,26273300
2023-08-03,127.48674011230469,128.41969339996243,126.46446537651686,127.01034391124875,20089500
2023-08-04,127.1492919921875,130.5237890233023,126.95079483936229,128.31051623779516,26147200
2023-08-07,130.54364013671875,130.62304202480823,128.05246836840342,128.1914178864696,22746300
2023-08-08,130.41461181640625,130.52378752085772,128.56855954209357,129.64046232824563,23535200
2023-08-09,128.6876678466797,131.04980964495556,128.0326136306667,130.67266960839547,24912900
2023-08-10,128.71746826171875,131.05977143036745,128.47926254911619,130.33524987803614,20857800
2023-08-11,128.58840942382812,128.95562989704715,127.20883382963942,127.6951647046181,19591100
2023-08-14,130.34512329101562,130.3848166568811,127.99290139623254,128.41966944281373,24695600
2023-08-15,128.80677795410156,130.43447898056363,128.31052745646844,130.11688653714737,19770700
2023-08-16,127.73487854003906,129.30303197258323,126.91110844639537,127.73487854003906,25216100
2023-08-17,128.9457244873047,131.00020876899563,128.32044402863997,128.82662921684016,33446300
2023-08-18,126.5041732788086,128.28075093151222,125.43227040921398,127.546294758541,30504800
2023-08-21,127.40734100341797,127.76464194810235,125.61091672255242,126.2262700322158,25248700
2023-08-22,128.1120147705078,129.3030127917116,127.35771955742976,127.54628200242816,22054900
2023-08-23,131.37734985351562,132.40955935337914,128.8960974039479,129.2037702845962,27819700
2023-08-24,128.80677795410156,133.24325861449066,128.59836122593913,132.94550528703812,28500700
2023-08-25,128.90603637695312,129.77942696997056,126.29575386732984,128.56857452291544,26762900
2023-08-28,130.02752685546875,131.54605189710958,129.1640559890661,130.32528013006436,20543300
2023-08-29,133.5608673095703,135.54586931655962,131.24833815410415,131.24833815410415,43075600
2023-08-30,134.86102294921875,135.2580172391428,133.06459879911617,133.76926593538553,28315800
2023-08-31,135.14883422851562,136.96511253819318,134.77167907243245,134.99003046339,30053800
2023-09-01,134.64266967773438,136.4291742463203,133.838746407961,136.4291742463203,21543700
2023-09-05,134.75184631347656,135.39696581622027,133.57076786425418,134.42431921159766,19403100
2023-09-06,133.45166015625,135.50612887444444,132.66757606735212,134.9999589338713,18684500
2023-09-07,134.24566650390625,134.56327406172488,131.9529918442149,132.58819181549026,18844300
2023-09-08,135.3572998046875,135.63519889075076,133.83877438999752,133.8983220306733,23558300
2023-09-11,135.89321899414062,136.44901706515918,134.77168815088856,135.51606381265162,20763400
2023-09-12,134.3250732421875,135.84359846496358,134.17620415931236,135.23817228733398,18405500
2023-09-13,135.68479919433594,135.8733616364172,133.14398427221744,134.0769375034417,20749500
2023-09-14,137.06436157226562,137.65985294407633,135.21830954536878,136.56811119024346,24751000
2023-09-15,136.36961364746094,137.48122492138967,135.45651466326473,136.94526597009013,38919600
2023-09-18,137.17356872558594,138.11644163882283,135.58556108112978,135.58556108112978,21861300
2023-09-19,137.0048370361328,137.3720727194704,135.59548737523636,136.38949123690924,20353700
2023-09-20,132.73709106445312,137.0445418305698,132.61798064460575,137.0445418305698,29927500
2023-09-21,129.46182250976562,131.23839249416972,129.09460201532931,130.45432343039326,31503900
2023-09-22,129.27322387695312,131.03987401665944,128.62810444126117,129.77939381214097,26397300
2023-09-25,130.12681579589844,130.18636343695547,127.99294455474431,128.8564156388002,20094600
2023-09-26,127.6058578491211,129.38242793397103,126.26597547277304,128.79685599233989,25718700
2023-09-27,129.56106567382812,129.91836661698156,127.60585276042912,127.60585276042912,22746500
2023-09-28,131.3177947998047,132.30037616629912,128.81668823150392,128.86631630656447,22513100
2023-09-29,129.878662109375,133.04474225061801,129.38241168333343,132.28051235409288,30859800
2023-10-02,133.1638641357422,133.41198939838114,130.18636098407492,130.2260695069411,22288000
2023-10-03,131.4368896484375,133.2531681504959,130.85131773991853,132.93557573096578,22989400
2023-10-04,134.22584533691406,134.5533724955719,131.53616087031648,131.7942056872754,26752300
2023-10-05,134.05709838867188,134.4739469324216,132.4492366977958,134.05709838867188,19832600
2023-10-06,136.54827880859375,137.123931161278,133.00504324406194,133.00504324406194,27597600
2023-10-09,137.38198852539062,137.89809329303546,134.59306309945669,135.9130912652546,19278100
2023-10-10,137.02467346191406,138.67222861017186,136.30015203671138,137.46137628621005,27786600
2023-10-11,139.4960174560547,140.05181558848287,137.54078929024345,137.54078929024345,25884300
2023-10-12,137.92787170410156,140.16099905970523,137.22318929725753,139.99227569905,24765500
2023-10-13,136.32994079589844,138.95014288451765,135.59548458868076,138.33479709793974,23420500
2023-10-16,138.056884765625,138.58290904447986,136.9552081327783,137.13385103003665,28501900
2023-10-17,138.6722412109375,138.85088412200298,136.1512801850149,137.59041875340512,23515800
2023-10-18,136.92544555664062,139.6647428833376,136.34979315539405,138.4042623643259,23375000
2023-10-19,136.71701049804688,138.61269101146914,136.3497899802919,137.4613862357858,26066000
2023-10-20,134.58314514160156,136.83611156598081,134.06704036781977,136.30016767562714,26335700
2023-10-23,135.47637939453125,136.6276841287948,132.94549894839827,134.0273213470116,26317900
2023-10-24,137.76904296875,138.31492147464493,136.38946736895807,136.79639635920353,44814300
2023-10-25,124.66802978515625,127.34777899563072,124.13207842862528,127.1989099289669,84366200
2023-10-26,121.3630142211914,123.39764418527096,120.36058614753718,122.34558803554405,57061100
2023-10-27,121.25382995605469,122.38528034661036,119.30852915172775,121.9585046679144,44566500
2023-10-30,123.52666473388672,124.45961803038976,121.82948905369454,122.2860385724438,28940100
2023-10-31,123.14952087402344,124.42984802046038,121.76994514607122,124.12216757392719,26292300
2023-11-01,125.50173950195312,125.54144044779346,122.79221620493564,123.13959001581209,30082400
2023-11-02,126.53395080566406,128.01277518054732,125.97815266684763,127.4569770417309,27124600
2023-11-03,128.13186645507812,128.55863455349083,126.9011599427464,127.05996371421396,26393100
2023-11-06,129.27322387695312,129.36254531062866,127.70507086020127,128.08222599486658,19052700
2023-11-07,129.98785400390625,130.9208073441977,128.90603157499936,129.72980920218515,29757300
2023-11-08,130.851318359375,131.21855399990926,129.7992698016351,129.98784740054361,26425800
2023-11-09,129.26333618164062,131.55601107722748,129.09461282832507,130.97043911965648,23747800
2023-11-10,131.59568786621094,131.80411971424755,128.43954234138178,129.12437037075154,26913300
2023-11-13,131.09945678710938,131.59570729972106,130.26575956056902,130.79178389238834,18324800
2023-11-14,132.6179656982422,134.68236939202447,132.3202275430886,133.1836984817578,32395200
2023-11-15,133.61045837402344,134.01738735349468,132.5683446064248,133.85858358428234,23861500
2023-11-16,135.9031524658203,136.1909862320152,133.3127394362453,134.17621044610362,28013200
2023-11-17,134.29531860351562,135.03969441291596,132.64776317739535,134.98014677126227,37240600
2023-11-20,135.22825622558594,135.63518525511367,132.61797384637484,132.68745618308765,27815500
2023-11-21,135.94285583496094,136.15127255285424,134.9404353311043,135.2679473163652,22635300
2023-11-22,137.4514617919922,138.37448040468396,136.43910658423133,136.43910658423133,17813900
2023-11-24,135.66497802734375,137.09418203702575,134.97023028496082,136.99492586910037,12514300
2023-11-27,135.38706970214844,137.38199132880567,134.9801406435023,135.0099144629775,23436500
2023-11-28,136.171142578125,136.22077066006165,134.40449190060377,135.05954623569303,18730000
2023-11-29,133.9777069091797,137.25294788509495,133.8288226820438,136.53836114342,23967200
2023-11-30,131.53614807128906,134.53350514378005,130.29552189907486,134.03725467489437,38988300
2023-12-01,130.8711700439453,131.11929527039416,129.69009154295097,130.8711700439453,31442300
2023-12-04,128.3005828857422,129.05487804312068,126.94085406132697,128.90600898059873,36669900
2023-12-05,130.00772094726562,131.14909112296962,127.28826255646621,127.98301027838883,27384800
2023-12-06,129.04498291015625,130.85132683618656,128.9060333773847,130.45433249808588,23576200
2023-12-07,135.9031524658203,137.52093391588886,133.68987951198724,134.02732621189014,56767100
2023-12-08,133.9777069091797,135.37712172033739,133.02489934634232,133.19362268827305,32260100
2023-12-11,132.2904510498047,132.34007912846104,130.3749313974492,131.38728665345792,31138000
2023-12-12,131.52621459960938,132.0026107589198,130.2756538579234,130.82153234482118,29032800
2023-12-13,131.5758819580078,132.49890073880297,130.5833808288782,132.37980544950435,30104800
2023-12-14,130.9505615234375,132.7172117837592,128.71743466292693,132.37976513726198,38722400
2023-12-15,131.60562133789062,132.5087856193142,130.19625677632916,130.63295958195536,50847100
2023-12-18,134.78163146972656,136.1214986599511,131.43689298418388,131.63540528883573,32258000
2023-12-19,135.62525939941406,136.43911751155446,135.05954168860268,135.8138370178058,25476800
2023-12-20,137.30258178710938,140.63738568200563,137.03461742674637,137.9278622500159,49107200
2023-12-21,139.3669891357422,139.63496864718894,138.13628243906402,138.44397047150616,27488300
2023-12-22,140.42897033691406,140.9252208312421,139.65482077731141,139.71436841353267,26532200
2023-12-26,140.45872497558594,141.61001445550394,140.1311978767292,140.52819216023732,16780300
2023-12-27,139.3173370361328,141.01452012352266,138.84094087687075,140.5281892635429,19628600
2023-12-28,139.17840576171875,140.0815852724405,138.70200954003505,139.72428432008698,16045700
2023-12-29,138.64247131347656,139.30744518629933,137.7392917414662,138.58292367477063,18733000
2024-01-02,137.1338348388672,138.40423466169574,135.45650605006813,137.51098999214332,23711200
2024-01-03,137.87823486328125,138.58291722535583,136.05203668758926,136.22076003752528,24212100
2024-01-04,135.36720275878906,138.11643460621872,135.32750938466225,137.38197845779115,27137700
2024-01-05,134.71214294433594,136.13142710669655,134.1364906048939,135.72449810296587,22513900
2024-01-08,137.798828125,137.96755146900708,135.23817385924744,135.26794767616852,21404000
2024-01-09,139.89300537109375,140.42896436301152,137.11399969220417,137.46138108120132,24759600
2024-01-10,141.21302795410156,141.9276298192861,139.85330655657418,139.94262800363174,21320200
2024-01-11,141.01454162597656,144.13099411000476,139.58533778589887,142.4139716480829,24008700
2024-01-12,141.58026123046875,142.12613980794654,140.75649872961355,141.60011549083978,18785500
2024-01-16,141.42147827148438,143.267530806828,140.38926871174172,140.93514731118603,22670500
2024-01-17,140.40911865234375,140.77633917868644,137.85838379541343,140.2900233777166,20968600
2024-01-18,142.40402221679688,143.12855876412843,140.92520559596517,140.98475322574876,25746400
2024-01-19,145.2823028564453,145.35177005215584,143.29730083417112,143.65460180395502,34271900
2024-01-22,144.8952178955078,147.2772140972634,144.7463336676715,145.99689454630132,32200400
2024-01-23,145.9373321533203,146.07628167971635,144.40888736296378,144.79596212537868,21636100
2024-01-24,147.58486938476562,148.72625441809143,146.98937797744674,147.42606561840296,25233500
2024-01-25,150.73109436035156,151.90225320047952,148.4185656374429,148.944605003714,29149100
2024-01-26,151.04872131347656,151.39608755777192,149.87756232275885,149.9668989175663,26115500
2024-01-29,152.3588104248047,152.62678991300623,150.29440669865645,150.919687123006,27784300
2024-01-30,150.32418823242188,152.46797859903648,150.05620875745953,151.6541357617942,36331800
2024-01-31,139.04940795898438,142.92015612975263,138.8211218056679,142.54300087154687,71910000
2024-02-01,140.1014404296875,141.9871862131904,139.73420477296187,141.0542328791591,40466500
2024-02-02,141.31227111816406,141.55046162176478,135.47636147017644,138.2156582721091,62499600
2024-02-05,142.6025390625,144.37912436638035,141.70929420363484,141.74900272521677,38505400
2024-02-06,143.01939392089844,144.2699396743933,142.11621441563744,143.56525733160348,29128200
2024-02-07,144.44857788085938,144.5279797721388,142.8506507867212,143.67442837133774,25208900
2024-02-08,144.81581115722656,145.2326597213676,144.01188784464298,144.73640926724323,22563800
2024-02-09,147.88265991210938,148.3193628074314,145.08379961628992,145.58005015290775,26829500
2024-02-12,146.4236602783203,148.2200845297744,146.26485649564665,147.30698549594433,21564100
2024-02-13,144.05157470703125,145.57009981647306,142.61245148398422,143.83322330553597,27837700
2024-02-14,144.84559631347656,145.42124870265448,143.00946343171321,144.98454584573585,22704200
2024-02-15,141.6993865966797,142.4437624233043,139.40671147377435,142.06660715828437,37590700
2024-02-16,139.46621704101562,142.116192367,139.08906188978025,141.9176952353247,31468900
2024-02-20,140.0617218017578,141.01452932682773,138.44395563708255,138.6126789723254,25144700
2024-02-21,141.4810028076172,141.61995232438937,139.62501587257833,140.38924578700608,23223300
2024-02-22,143.0094451904297,143.9126246070933,141.72912574537517,143.84314227764477,27191900
2024-02-23,142.88043212890625,143.59501882359496,142.35439273418308,142.5925983953203,19493800
2024-02-26,136.53834533691406,141.3718194933305,136.35968731390602,141.0740662178909,53641800
2024-02-27,137.8385467529297,138.20576728479702,136.06196144307498,136.9849952684124,33099200
2024-02-28,135.3572998046875,136.975066239049,134.394572562124,136.86589051635528,37328600
2024-02-29,137.4216766357422,137.8186709245879,135.37711212953872,136.25051773823296,42133000
2024-03-01,136.11158752441406,137.82861002648335,135.89323609127652,137.39190716020826,31151100
2024-03-04,132.35000610351562,134.64268084656484,130.9208023300921,134.64268084656484,55999400
2024-03-05,131.67507934570312,132.2408120711122,129.6900777452957,130.89101037706075,40194800
2024-03-06,130.41461181640625,132.57827164707297,129.86874843851078,132.12171457090452,35318600
2024-03-07,133.3722686767578,133.92806672802465,130.6230370899261,131.79418082018677,37738200
2024-03-08,134.39456176757812,137.05445713321666,132.99513174664168,133.20356361663008,39370400
2024-03-11,136.6376190185547,138.0569034084444,135.10917405073008,135.10917405073008,32437800
2024-03-12,137.4613800048828,138.33478567710262,136.0024024134986,136.0024024134986,27563400
2024-03-13,138.74169921875,140.03195346478358,137.94771058521772,137.95763014261004,23347200
2024-03-14,142.02688598632812,142.51320173883516,139.40668419509728,140.13120561748423,42753400
2024-03-15,140.12127685546875,142.10627875552206,138.97990682068314,141.43138537879798,49475400
2024-03-18,146.57254028320312,151.00902096089294,146.06637022561426,147.49557408746915,69273700
2024-03-19,145.92739868164062,147.67419472468532,144.98452590354466,147.04892948770356,24070400
2024-03-20,147.6245880126953,147.7436832734465,145.6395862302464,146.89013190121898,21311500
2024-03-21,146.49314880371094,149.24236557867428,145.7983860112411,148.34912076601722,24755600
2024-03-22,149.6393585205078,150.44328179195713,147.86277350480213,148.00172301907287,29211800
2024-03-25,148.9446258544922,149.25229872799846,146.71149870171885,148.81559588391366,19229300
2024-03-26,149.54013061523438,151.11820364195134,148.85530247116668,149.09350817390973,22149100
2024-03-27,149.73861694335938,150.50284693295552,147.78338881509114,150.04628982187702,22879200
2024-03-28,149.7981414794922,150.29439188944642,149.04384630833158,149.71875474093687,24485400
2024-04-01,154.323974609375,154.57209984115423,149.48056523884867,149.5599671303415,31730800
2024-04-02,153.4009552001953,153.53990473719549,151.00902410778318,152.3489065422849,24586000
2024-04-03,153.7582550048828,153.91705880149465,151.58467536489442,152.44816154374408,24705000
2024-04-04,149.40115356445312,153.60936267184238,149.32175167815961,152.34888233651972,34724700
2024-04-05,151.35638427734375,152.26948327008697,148.4781377816176,148.9049058909421,23459200
2024-04-08,153.68878173828125,154.10563032964885,151.46557410662442,151.63429745472348,20702000
2024-04-09,155.42564392089844,157.37093716554625,154.02621404495505,154.91945877952742,31079500
2024-04-10,154.9691162109375,155.4355929246248,153.52005798758364,155.03859855501895,22838600
2024-04-11,158.214599609375,158.48256399502026,155.28672447423406,155.73334692800734,27166400
2024-04-12,156.5471649169922,159.0184976446993,155.9615930124083,156.7754510311415,25353700
2024-04-15,153.6986846923828,158.0458433310319,153.43070521818026,157.66868815581063,27136500
2024-04-16,153.2421417236328,154.4827679200494,152.27941458366453,153.03372500347797,20779500
2024-04-17,154.30413818359375,155.90206546670152,153.42081286214687,154.45300728212143,21763100
2024-04-18,154.84005737304688,155.7630910697114,153.46048175084383,154.17508359846744,19883000
2024-04-19,152.93446350097656,155.1874448352903,151.157893513365,155.02864105305625,32615600
2024-04-22,155.10804748535156,156.45784938513543,152.90469416152254,153.15281939939192,26446200
2024-04-23,157.07318115234375,157.77786342870908,155.10803368370046,155.78294214571977,21151600
2024-04-24,157.9366912841797,158.37339415365952,155.9913826322323,156.30899022616805,22779100
2024-04-25,154.8301544189453,155.31648535594996,149.73861949474144,150.1951766135992,57109700
2024-04-26,170.66053771972656,173.399850072579,168.37778247380382,173.06238823512538,64665300
2024-04-29,164.9040069580078,168.2785188689009,163.9710688984415,167.79218800990293,45610000
2024-04-30,161.5592803955078,166.83939196600213,161.3806375192715,164.36805950087611,33562900
2024-05-01,162.63121032714844,165.86675805283966,161.86698033617475,163.0679131791334,33493200
2024-05-02,165.3704833984375,165.47965909547895,162.66096037377721,163.554205062763,24294500
2024-05-03,165.98587036132812,166.70047228284332,161.8272888066215,166.30346280179975,34662400
2024-05-06,166.8394317626953,166.87912514098474,164.78494732975244,166.20423169951587,21871300
2024-05-07,169.9657745361328,170.47194452949657,167.12722143299578,167.23639713482265,28039700
2024-05-08,168.10980224609375,168.87401701223217,167.47460229491972,167.73264706920992,19569100
2024-05-09,168.68545532226562,169.4099767203528,166.9187898325422,168.11972255441077,15346700
2024-05-10,167.38528442382812,168.57629771677423,164.94374049088748,166.76993866167226,29799900
2024-05-13,167.87161254882812,168.0105620780994,162.77015819649304,163.02820299532175,31327600
2024-05-14,169.06260681152344,169.96578630331507,167.5341620244905,168.49688914969917,25127100
2024-05-15,171.21633911132812,171.3552886431622,169.23133714549078,169.35044756160798,26948400
2024-05-16,172.87380981445312,173.8067631392547,171.3949930775493,171.99048456648705,27867900
2024-05-17,174.73971557617188,174.94814744007684,172.387493160876,172.87380893604973,24479300
2024-05-20,175.59329223632812,177.4294253232356,174.7595949496267,174.86877067605414,22554400
2024-05-21,176.5162811279297,176.81401926558146,174.49157092573145,175.57339321082898,16989400
2024-05-22,175.05731201171875,175.82152679389606,173.89608778649955,175.31535679142465,17880000
2024-05-23,172.24855041503906,176.913302054648,171.65304376131735,175.7421581518555,21024900
2024-05-24,173.67776489257812,174.4519145031541,172.34780197049253,173.66783018964495,16579400
2024-05-28,175.07716369628906,175.94064983167806,173.06238795431943,173.14178984862892,20572200
2024-05-29,174.5808868408203,175.51384002756012,173.4097431514988,174.1144102474504,23388700
2024-05-30,170.81935119628906,173.90602997495594,170.50174360052324,173.88617571412965,22931500
2024-05-31,171.20640563964844,171.76220372181547,168.16935530183432,170.57120566797727,37638900
2024-06-03,171.8713836669922,173.22118553313896,169.8764622562065,171.24610323694733,27459100
2024-06-04,172.4867401123047,172.54630289287442,170.60099429207042,171.9805700601862,26879600
2024-06-05,174.09458923339844,175.32528067630372,172.62567697442577,173.88615737761106,22068500
2024-06-06,175.40469360351562,175.8215421969568,174.43204688548622,174.5809159744427,23251000
2024-06-07,173.15171813964844,176.53613478615,172.9929143569092,175.72229190224542,19661400
2024-06-10,173.89691162109375,175.93387642712702,171.6612218694883,173.85717269667592,23726700
2024-06-11,175.49668884277344,175.71529085184466,172.66482398993008,175.0992389145037,21540600
2024-06-12,176.6592559814453,179.2626031953618,174.9899479924397,177.11633707085997,27864700
2024-06-13,174.04600524902344,175.6159584417151,173.76778723125477,174.9899603208632,20913300
2024-06-14,175.6656036376953,175.93389067490244,173.04239472317744,173.1119567987189,18063600
2024-06-17,176.1127471923828,177.22561906564368,173.69819427096027,174.34406932448942,19618500
2024-06-18,173.97642517089844,176.26180021913805,172.9927312675741,176.01339021741077,21869900
2024-06-20,175.17874145507812,176.1624353876285,173.8770754332329,174.25464833709086,20160100
2024-06-21,178.48757934570312,179.69982150326564,175.48678194241356,175.87430098217567,57759000
2024-06-24,178.0801544189453,179.73953132877418,177.53364940990167,179.014178404994,18298000
2024-06-25,182.85955810546875,183.11789903328065,178.27887734653552,178.47760230344795,23130200
2024-06-26,182.71054077148438,183.33652370507795,181.31943557759413,181.4684906850168,19839000
2024-06-27,184.2307891845703,184.86671815444103,182.8496302424256,183.00860111358634,18848900
2024-06-28,180.9915313720703,183.95258967563325,180.80275249600572,183.14774365065432,29156600
2024-07-01,181.82618713378906,182.71052611795955,180.1469331256833,181.86592606220148,16006100
2024-07-02,184.0618896484375,184.38979268671295,180.40528635394423,180.8921754401855,17372500
2024-07-03,184.63819885253906,184.90647074592763,182.8297667085458,183.67436680423387,10242100
2024-07-05,189.38780212402344,189.64614308224583,184.618326787977,184.67794276589416,20967500
2024-07-08,187.8277587890625,188.9605077271216,186.58570884988617,188.69222069497164,21035900
2024-07-09,187.77809143066406,190.14295958916762,187.5197504772306,189.09963450972523,15121400
2024-07-10,189.96409606933594,190.53047817126304,187.82777604241306,187.94700799576873,15952500
2024-07-11,184.38980102539062,189.64615049436205,183.90291191713072,188.6425794494634,25625800
2024-07-12,183.89297485351562,185.91999392317484,183.31666179406736,183.90290579597803,22898400
2024-07-15,185.3436737060547,187.04280482965035,183.74391265022248,183.74391265022248,16474000
2024-07-16,182.7502899169922,187.4800114523768,182.20378481605346,186.16841437186892,18290700
2024-07-17,179.86871337890625,182.38262131472416,178.75582629160562,181.80630830706235,20734100
2024-07-18,176.55990600585938,181.33931230427376,175.3476639106666,180.77293018820677,25315700
2024-07-19,176.5301055908203,179.14336877027299,176.00347754543185,177.74234773802445,18881900
2024-07-22,180.51458740234375,181.5380354484916,179.08374329385708,179.44145432097875,24100300
2024-07-23,180.63381958007812,182.44225176435077,180.3854095654304,180.89217569882794,36352700
2024-07-24,171.53207397460938,175.069429864651,170.72722801961868,172.4959059646395,49585200
2024-07-25,166.21609497070312,172.31704385351824,166.12667101114428,171.422773934444,44852000
2024-07-26,165.9378662109375,167.02093008211898,163.01656242781235,166.08690613385536,41336900
2024-07-29,168.4517822265625,169.34605213128413,166.92158335005726,167.75623728269647,20293800
2024-07-30,169.2069549560547,170.14097901520392,167.36872998762226,169.15728508367997,18959700
2024-07-31,170.44900512695312,173.14177629603867,168.92873708461033,172.13820531777287,25729100
2024-08-01,169.67396545410156,172.94304963161613,167.80593251440823,169.1672144988525,24531400
2024-08-02,165.6000518798828,167.438276847675,163.62270275190997,165.38144985923282,29130100
2024-08-05,158.2371826171875,163.38423094995542,153.94465019728176,154.51103232007947,53630700
2024-08-06,157.2832794189453,159.54879271884894,155.41524640434096,158.31667357844438,49004600
2024-08-07,157.92913818359375,161.94343696392548,157.46212618793052,160.22444407280443,25138600
2024-08-08,160.99951171875,162.64895800070045,159.19109453629167,159.4891744508348,25578800
2024-08-09,162.62905883789062,162.74829078749448,158.04837777910737,158.99233275753915,28602300
2024-08-12,161.2578125,163.85121324225588,160.81067757790242,163.30472342732642,15895300
2024-08-13,163.11593627929688,163.68230316130368,161.93350232416512,162.37070632388532,18551700
2024-08-14,159.3500518798828,162.18193212107965,156.70698083807574,161.36713999266024,40591100
2024-08-15,160.2741241455078,160.61195808374163,158.59487023369454,159.4792091671549,31524300
2024-08-16,161.923583984375,164.0102189248703,160.1052209322512,160.44305489951088,24208600
2024-08-19,165.6099853515625,165.6298623978553,163.21530919170212,164.22882628821975,22416200
2024-08-20,166.1167449951172,167.56746621538298,165.7590491136282,165.8385269794626,18341500
2024-08-21,164.79519653320312,165.7888365119098,163.62269347422293,164.09963641871417,22902000
2024-08-22,162.7582244873047,166.5241131721472,162.2713354606225,166.19621017398273,22493300
2024-08-23,164.56663513183594,165.12307104909706,162.78802638475184,163.67236528791506,13955700
2024-08-26,165.10321044921875,166.48436931233536,163.41402564106588,165.32181244151707,14190400
2024-08-27,163.63262939453125,165.3814455137806,163.4140425413684,164.78525544371954,11821900
2024-08-28,161.8142852783203,164.54679536636124,160.50267315842373,163.99034421256823,16407400
2024-08-29,160.75106811523438,164.91442188543905,159.23080022153445,163.26497594791422,19699800
2024-08-30,162.34092712402344,162.61914514376983,160.66167290086105,161.5857509317876,22123800
2024-09-03,156.3591766357422,160.82062528392495,155.48476866434984,160.6914472440397,38945300
2024-09-04,155.45498657226562,157.9887717937597,154.9681126394364,155.66365765900977,19353800
2024-09-05,156.2399444580078,158.4358801622271,154.98794847148798,155.30592051941105,18688700
2024-09-06,149.9601593017578,156.82621590471155,149.59251732330907,156.29958787438167,37912100
2024-09-09,147.96029663085938,152.62663960312594,146.47780288600765,151.74112707707891,39260500
2024-09-10,147.9105224609375,150.5073645461692,147.59212847902893,149.691491353924,31118800
2024-09-11,150.39793395996094,150.7362162140882,146.77628554400584,149.16417992613762,29607700
2024-09-12,153.91012573242188,154.0394751896829,151.88040198370663,153.02461331532527,29621500
2024-09-13,156.66616821289062,157.58152818841413,154.42751164329223,154.6463885405626,29591200
2024-09-16,157.2631378173828,157.45218236116395,155.8105069116596,156.51691894363321,18379800
2024-09-17,158.51681518554688,159.74061004154726,157.5815516503455,158.2183245621199,20715600
2024-09-18,159.0043182373047,159.6908420434117,157.80042693308812,159.05406919954734,23677300
2024-09-19,161.32257080078125,162.96424625525552,160.52660096333298,162.88466293518638,26587700
2024-09-20,162.76527404785156,162.90456764484875,161.2429886014312,162.67573141732413,40896400
2024-09-23,161.0340576171875,164.65570636191646,160.8549571722446,163.52145415015693,24150900
2024-09-24,161.47181701660156,162.39713636620655,159.87989243963506,162.20809181188605,23332100
2024-09-25,160.6758575439453,161.9891949013652,160.48681299524299,160.6559541225392,18869200
2024-09-26,161.9095916748047,163.2527917160846,161.46186338833198,162.81500754909376,20319300
2024-09-27,163.1234588623047,164.86463640620642,161.81012140947348,161.98920666955183,21101300
2024-09-30,165.01388549804688,165.31236092462515,162.43693125430474,162.49664152148338,20413900
2024-10-01,166.1481475830078,168.30720599470146,163.7502936339334,166.84461558970514,28338100
2024-10-02,165.02383422851562,166.67546915041717,163.89952615078477,165.58100861617797,17760200
2024-10-03,165.02383422851562,165.79990072302581,163.09361211278292,163.58114729291918,15073100
2024-10-04,166.2177734375,167.3818731227034,164.6457371019136,167.21273199051447,19047400
2024-10-07,162.1583251953125,167.63059671300965,161.9294890009481,166.87443375057973,22463100
2024-10-08,163.55130004882812,163.89952645082283,162.0489028416346,163.11351583433103,23072700
2024-10-09,161.04397583007812,164.00894776946933,158.93466876764882,162.6259561269001,31181800
2024-10-10,161.2628936767578,162.24790816824293,159.591355313801,160.0589870760538,14144100
2024-10-11,162.4170379638672,163.07369906378534,160.4271208786136,161.31263337427697,15344300
2024-10-14,164.1283721923828,165.3919586438415,162.5762240722605,162.81501959424767,19016100
2024-10-15,164.62583923339844,166.8346331245922,163.8000218608721,164.95416217665158,20247200
2024-10-16,164.3273468017578,164.96411962401345,162.9145075768113,163.7005180988684,16406000
2024-10-17,162.10858154296875,165.53124122104538,161.93944041934847,164.8944683866494,21453400
2024-10-18,162.5961456298828,163.87965082865946,162.25786332240082,162.3673093844526,19757700
2024-10-21,163.24285888671875,163.67068378195492,161.8001568233936,162.12849497134508,20946500
2024-10-22,164.3074493408203,164.93427806644567,162.15833529455813,162.15833529455813,16568100
2024-10-23,161.95933532714844,164.98401751793747,161.11361457163926,163.92934880784398,18280500
2024-10-24,161.899658203125,162.50658353239453,160.198272384398,162.00910425207076,22412500
2024-10-25,164.43679809570312,164.75517692607178,162.59611876941653,162.84485839827352,19828900
2024-10-28,165.87950134277344,167.89926611467047,163.123461731036,167.89926611467047,32138600
2024-10-29,168.82456970214844,169.52105287482345,166.24763054521426,166.8844034485081,42169000
2024-10-30,173.58047485351562,181.1023590425056,173.18248232545162,179.7691030508194,68890800
2024-10-31,170.2473602294922,175.92858030114797,170.13791418034728,172.25718077657928,44769000
